EquationKey,EquationChapter,Equation,Equation-Description,Taxonomy-Domain,Taxonomy-Subdomain,Taxonomy-Specific,Variable_Key,Variable_Name,Variable_LaTeX,Variables_Description_LaTeX,Variables_Domain,Variables_Domain_LaTeX
Feynman2,FeynmanICh6Eq20,I.6.2,Gaussian/normal distribution probability density,Mathematics,Probability Theory,Gaussian Distribution,x0,theta,$\theta$,$\theta$: variable,"\theta \in [-10.0, -0.1] \cup [0.1, 10.0]","$\theta \in [-10.0, -0.1] \cup [0.1, 10.0]$"
Feynman2,FeynmanICh6Eq20,I.6.2,Gaussian/normal distribution probability density,Mathematics,Probability Theory,Gaussian Distribution,x1,sigma,$\sigma$,$\sigma$: std deviation,"\sigma \in [0.1, 10.0]","$\sigma \in [0.1, 10.0]$"
Feynman1,FeynmanICh6Eq20a,I.6.2a,Gaussian distribution (normal distribution with $\sigma=1$),Mathematics,Probability Theory,Gaussian Distribution,x0,theta,$\theta$,$\theta$: angle/position,"\theta \in [-10.0, -0.1] \cup [0.1, 10.0]","$\theta \in [-10.0, -0.1] \cup [0.1, 10.0]$"
Feynman3,FeynmanICh6Eq20b,I.6.2b,Gaussian distribution with mean $\theta_1$,Mathematics,Probability Theory,Gaussian Distribution,x0,theta,$\theta$,$\theta$: variable,"\theta \in [-10.0, -0.1] \cup [0.1, 10.0]","$\theta \in [-10.0, -0.1] \cup [0.1, 10.0]$"
Feynman3,FeynmanICh6Eq20b,I.6.2b,Gaussian distribution with mean $\theta_1$,Mathematics,Probability Theory,Gaussian Distribution,x1,theta1,$\theta_1$,$\theta_1$: mean,"\theta_1 \in [-10.0, -0.1] \cup [0.1, 10.0]","$\theta_1 \in [-10.0, -0.1] \cup [0.1, 10.0]$"
Feynman3,FeynmanICh6Eq20b,I.6.2b,Gaussian distribution with mean $\theta_1$,Mathematics,Probability Theory,Gaussian Distribution,x2,sigma,$\sigma$,$\sigma$: std deviation,"\sigma \in [0.1, 10.0]","$\sigma \in [0.1, 10.0]$"
Feynman4,FeynmanICh8Eq14,I.8.14,Euclidean distance between two points in 2D,Mathematics,Geometry,Euclidean Distance,x0,x2,$x_2$,$x_2$: x-coordinate of point 2,"x_2 \in [-10.0, -0.1] \cup [0.1, 10.0]","$x_2 \in [-10.0, -0.1] \cup [0.1, 10.0]$"
Feynman4,FeynmanICh8Eq14,I.8.14,Euclidean distance between two points in 2D,Mathematics,Geometry,Euclidean Distance,x1,x1,$x_1$,$x_1$: x-coordinate of point 1,"x_1 \in [-10.0, -0.1] \cup [0.1, 10.0]","$x_1 \in [-10.0, -0.1] \cup [0.1, 10.0]$"
Feynman4,FeynmanICh8Eq14,I.8.14,Euclidean distance between two points in 2D,Mathematics,Geometry,Euclidean Distance,x2,y2,$y_2$,$y_2$: y-coordinate of point 2,"y_2 \in [-10.0, -0.1] \cup [0.1, 10.0]","$y_2 \in [-10.0, -0.1] \cup [0.1, 10.0]$"
Feynman4,FeynmanICh8Eq14,I.8.14,Euclidean distance between two points in 2D,Mathematics,Geometry,Euclidean Distance,x3,y1,$y_1$,$y_1$: y-coordinate of point 1,"y_1 \in [-10.0, -0.1] \cup [0.1, 10.0]","$y_1 \in [-10.0, -0.1] \cup [0.1, 10.0]$"
Feynman5,FeynmanICh9Eq18,I.9.18,Newton's law of gravitation (gravitational potential energy),Physics,Classical Mechanics,Gravitational Force,x0,m1,$m_1$,$m_1$: mass of body 1,"m_1 \in [0.1, 10.0]","$m_1 \in [0.1, 10.0]$"
Feynman5,FeynmanICh9Eq18,I.9.18,Newton's law of gravitation (gravitational potential energy),Physics,Classical Mechanics,Gravitational Force,x1,m2,$m_2$,$m_2$: mass of body 2,"m_2 \in [0.1, 10.0]","$m_2 \in [0.1, 10.0]$"
Feynman5,FeynmanICh9Eq18,I.9.18,Newton's law of gravitation (gravitational potential energy),Physics,Classical Mechanics,Gravitational Force,x2,x2,$x_2$,$x_2$: x-coordinate of body 2,"x_2 \in [-10.0, -0.1] \cup [0.1, 10.0]","$x_2 \in [-10.0, -0.1] \cup [0.1, 10.0]$"
Feynman5,FeynmanICh9Eq18,I.9.18,Newton's law of gravitation (gravitational potential energy),Physics,Classical Mechanics,Gravitational Force,x3,x1,$x_1$,$x_1$: x-coordinate of body 1,"x_1 \in [-10.0, -0.1] \cup [0.1, 10.0]","$x_1 \in [-10.0, -0.1] \cup [0.1, 10.0]$"
Feynman5,FeynmanICh9Eq18,I.9.18,Newton's law of gravitation (gravitational potential energy),Physics,Classical Mechanics,Gravitational Force,x4,y2,$y_2$,$y_2$: y-coordinate of body 2,"y_2 \in [-10.0, -0.1] \cup [0.1, 10.0]","$y_2 \in [-10.0, -0.1] \cup [0.1, 10.0]$"
Feynman5,FeynmanICh9Eq18,I.9.18,Newton's law of gravitation (gravitational potential energy),Physics,Classical Mechanics,Gravitational Force,x5,y1,$y_1$,$y_1$: y-coordinate of body 1,"y_1 \in [-10.0, -0.1] \cup [0.1, 10.0]","$y_1 \in [-10.0, -0.1] \cup [0.1, 10.0]$"
Feynman5,FeynmanICh9Eq18,I.9.18,Newton's law of gravitation (gravitational potential energy),Physics,Classical Mechanics,Gravitational Force,x6,z2,$z_2$,$z_2$: z-coordinate of body 2,"z_2 \in [-10.0, -0.1] \cup [0.1, 10.0]","$z_2 \in [-10.0, -0.1] \cup [0.1, 10.0]$"
Feynman5,FeynmanICh9Eq18,I.9.18,Newton's law of gravitation (gravitational potential energy),Physics,Classical Mechanics,Gravitational Force,x7,z1,$z_1$,$z_1$: z-coordinate of body 1,"z_1 \in [-10.0, -0.1] \cup [0.1, 10.0]","$z_1 \in [-10.0, -0.1] \cup [0.1, 10.0]$"
Feynman6,FeynmanICh10Eq7,I.10.7,Relativistic mass (special relativity),Physics,Relativity,Special Relativity,x0,m_0,$m_0$,$m_0$: rest mass,"m_0 \in [0.1, 10.0]","$m_0 \in [0.1, 10.0]$"
Feynman6,FeynmanICh10Eq7,I.10.7,Relativistic mass (special relativity),Physics,Relativity,Special Relativity,x1,v,$v$,$v$: velocity,"v \in [100000.0, 100000000.0]","$v \in [100000.0, 100000000.0]$"
Feynman7,FeynmanICh11Eq19,I.11.19,Dot product of two 3D vectors,Mathematics,Linear Algebra,Vector Operations,x0,x1,$x_1$,$x_1$: 1st component of vector $\mathbf{x}$,"x_1 \in [-10.0, -0.1] \cup [0.1, 10.0]","$x_1 \in [-10.0, -0.1] \cup [0.1, 10.0]$"
Feynman7,FeynmanICh11Eq19,I.11.19,Dot product of two 3D vectors,Mathematics,Linear Algebra,Vector Operations,x1,y1,$y_1$,$y_1$: 1st component of vector $\mathbf{y}$,"y_1 \in [-10.0, -0.1] \cup [0.1, 10.0]","$y_1 \in [-10.0, -0.1] \cup [0.1, 10.0]$"
Feynman7,FeynmanICh11Eq19,I.11.19,Dot product of two 3D vectors,Mathematics,Linear Algebra,Vector Operations,x2,x2,$x_2$,$x_2$: 2nd component of vector $\mathbf{x}$,"x_2 \in [-10.0, -0.1] \cup [0.1, 10.0]","$x_2 \in [-10.0, -0.1] \cup [0.1, 10.0]$"
Feynman7,FeynmanICh11Eq19,I.11.19,Dot product of two 3D vectors,Mathematics,Linear Algebra,Vector Operations,x3,y2,$y_2$,$y_2$: 2nd component of vector $\mathbf{y}$,"y_2 \in [-10.0, -0.1] \cup [0.1, 10.0]","$y_2 \in [-10.0, -0.1] \cup [0.1, 10.0]$"
Feynman7,FeynmanICh11Eq19,I.11.19,Dot product of two 3D vectors,Mathematics,Linear Algebra,Vector Operations,x4,x3,$x_3$,$x_3$: 3rd component of vector $\mathbf{x}$,"x_3 \in [-10.0, -0.1] \cup [0.1, 10.0]","$x_3 \in [-10.0, -0.1] \cup [0.1, 10.0]$"
Feynman7,FeynmanICh11Eq19,I.11.19,Dot product of two 3D vectors,Mathematics,Linear Algebra,Vector Operations,x5,y3,$y_3$,$y_3$: 3rd component of vector $\mathbf{y}$,"y_3 \in [-10.0, -0.1] \cup [0.1, 10.0]","$y_3 \in [-10.0, -0.1] \cup [0.1, 10.0]$"
Feynman8,FeynmanICh12Eq1,I.12.1,Total magnetic moment (dipole moment),Physics,Electromagnetism,Magnetic Dipole,x0,mu,$\mu$,$\mu$: magnetic moment,"\mu \in [0.01, 1.0]","$\mu \in [0.01, 1.0]$"
Feynman8,FeynmanICh12Eq1,I.12.1,Total magnetic moment (dipole moment),Physics,Electromagnetism,Magnetic Dipole,x1,Nn,$Nn$,$Nn$: number density,"Nn \in [0.01, 1.0]","$Nn \in [0.01, 1.0]$"
Feynman10,FeynmanICh12Eq2,I.12.2,Coulomb's law (electrostatic force),Physics,Electromagnetism,Electrostatics,x0,q1,$q_1$,$q_1$: charge of particle 1,"q_1 \in [-10.0, -0.1] \cup [0.1, 10.0]","$q_1 \in [-10.0, -0.1] \cup [0.1, 10.0]$"
Feynman10,FeynmanICh12Eq2,I.12.2,Coulomb's law (electrostatic force),Physics,Electromagnetism,Electrostatics,x1,q2,$q_2$,$q_2$: charge of particle 2,"q_2 \in [-10.0, -0.1] \cup [0.1, 10.0]","$q_2 \in [-10.0, -0.1] \cup [0.1, 10.0]$"
Feynman10,FeynmanICh12Eq2,I.12.2,Coulomb's law (electrostatic force),Physics,Electromagnetism,Electrostatics,x2,r,$r$,$r$: distance between charges,"r \in [0.1, 10.0]","$r \in [0.1, 10.0]$"
Feynman11,FeynmanICh12Eq4,I.12.4,Electric field magnitude from point charge,Physics,Electromagnetism,Electric Field,x0,q1,$q_1$,$q_1$: charge,"q_1 \in [-10.0, -0.1] \cup [0.1, 10.0]","$q_1 \in [-10.0, -0.1] \cup [0.1, 10.0]$"
Feynman11,FeynmanICh12Eq4,I.12.4,Electric field magnitude from point charge,Physics,Electromagnetism,Electric Field,x1,r,$r$,$r$: distance,"r \in [0.1, 10.0]","$r \in [0.1, 10.0]$"
Feynman12,FeynmanICh12Eq5,I.12.5,Electric force on charge in field,Physics,Electromagnetism,Electric Force,x0,q2,$q_2$,$q_2$: charge,"q_2 \in [-10.0, -0.1] \cup [0.1, 10.0]","$q_2 \in [-10.0, -0.1] \cup [0.1, 10.0]$"
Feynman12,FeynmanICh12Eq5,I.12.5,Electric force on charge in field,Physics,Electromagnetism,Electric Force,x1,Ef,$Ef$,$Ef$: electric field,"Ef \in [-10.0, -0.1] \cup [0.1, 10.0]","$Ef \in [-10.0, -0.1] \cup [0.1, 10.0]$"
Feynman13,FeynmanICh12Eq11,I.12.11,Lorentz force (combined electric and magnetic),Physics,Electromagnetism,Lorentz Force,x0,q,$q$,$q$: charge,"q \in [-10.0, -0.1] \cup [0.1, 10.0]","$q \in [-10.0, -0.1] \cup [0.1, 10.0]$"
Feynman13,FeynmanICh12Eq11,I.12.11,Lorentz force (combined electric and magnetic),Physics,Electromagnetism,Lorentz Force,x1,Ef,$Ef$,$Ef$: electric field,"Ef \in [0.1, 10.0]","$Ef \in [0.1, 10.0]$"
Feynman13,FeynmanICh12Eq11,I.12.11,Lorentz force (combined electric and magnetic),Physics,Electromagnetism,Lorentz Force,x2,B,$B$,$B$: magnetic field,"B \in [0.1, 10.0]","$B \in [0.1, 10.0]$"
Feynman13,FeynmanICh12Eq11,I.12.11,Lorentz force (combined electric and magnetic),Physics,Electromagnetism,Lorentz Force,x3,v,$v$,$v$: velocity,"v \in [0.1, 10.0]","$v \in [0.1, 10.0]$"
Feynman13,FeynmanICh12Eq11,I.12.11,Lorentz force (combined electric and magnetic),Physics,Electromagnetism,Lorentz Force,x4,theta,$\theta$,$\theta$: angle,"\theta \in [0.0, 2.0 \times \pi]","$\theta \in [0.0, 2.0 \times \pi]$"
Feynman9,FeynmanICh13Eq4,I.13.4,Kinetic energy in 3D,Physics,Classical Mechanics,Kinetic Energy,x0,m,$m$,$m$: mass of particle,"m \in [0.1, 10.0]","$m \in [0.1, 10.0]$"
Feynman9,FeynmanICh13Eq4,I.13.4,Kinetic energy in 3D,Physics,Classical Mechanics,Kinetic Energy,x1,v,$v$,$v$: velocity y-component,"v \in [-10.0, -0.1] \cup [0.1, 10.0]","$v \in [-10.0, -0.1] \cup [0.1, 10.0]$"
Feynman9,FeynmanICh13Eq4,I.13.4,Kinetic energy in 3D,Physics,Classical Mechanics,Kinetic Energy,x2,u,$u$,$u$: velocity x-component,"u \in [-10.0, -0.1] \cup [0.1, 10.0]","$u \in [-10.0, -0.1] \cup [0.1, 10.0]$"
Feynman9,FeynmanICh13Eq4,I.13.4,Kinetic energy in 3D,Physics,Classical Mechanics,Kinetic Energy,x3,w,$w$,$w$: velocity z-component,"w \in [-10.0, -0.1] \cup [0.1, 10.0]","$w \in [-10.0, -0.1] \cup [0.1, 10.0]$"
Feynman14,FeynmanICh13Eq12,I.13.12,Gravitational potential energy difference,Physics,Classical Mechanics,Gravitational Potential,x0,m1,$m_1$,$m_1$: mass of body 1,"m_1 \in [0.01, 1.0]","$m_1 \in [0.01, 1.0]$"
Feynman14,FeynmanICh13Eq12,I.13.12,Gravitational potential energy difference,Physics,Classical Mechanics,Gravitational Potential,x1,m2,$m_2$,$m_2$: mass of body 2,"m_2 \in [0.01, 1.0]","$m_2 \in [0.01, 1.0]$"
Feynman14,FeynmanICh13Eq12,I.13.12,Gravitational potential energy difference,Physics,Classical Mechanics,Gravitational Potential,x2,r2,$r_2$,$r_2$: final radial distance,"r_2 \in [0.01, 1.0]","$r_2 \in [0.01, 1.0]$"
Feynman14,FeynmanICh13Eq12,I.13.12,Gravitational potential energy difference,Physics,Classical Mechanics,Gravitational Potential,x3,r1,$r_1$,$r_1$: initial radial distance,"r_1 \in [0.01, 1.0]","$r_1 \in [0.01, 1.0]$"
Feynman15,FeynmanICh14Eq3,I.14.3,Gravitational potential energy,Physics,Classical Mechanics,Gravitational Potential,x0,m,$m$,$m$: mass,"m \in [0.01, 1.0]","$m \in [0.01, 1.0]$"
Feynman15,FeynmanICh14Eq3,I.14.3,Gravitational potential energy,Physics,Classical Mechanics,Gravitational Potential,x1,z,$z$,$z$: height,"z \in [-1.0, -0.01] \cup [0.01, 1.0]","$z \in [-1.0, -0.01] \cup [0.01, 1.0]$"
Feynman16,FeynmanICh14Eq4,I.14.4,Elastic potential energy (Hooke's law),Physics,Classical Mechanics,Elastic Energy,x0,k_spring,$k_{spring}$,$k_{spring}$: spring constant,"k_{spring} \in [100.0, 10000.0]","$k_{spring} \in [100.0, 10000.0]$"
Feynman16,FeynmanICh14Eq4,I.14.4,Elastic potential energy (Hooke's law),Physics,Classical Mechanics,Elastic Energy,x1,x,$x$,$x$: displacement,"x \in [-1.0, -0.01] \cup [0.01, 1.0]","$x \in [-1.0, -0.01] \cup [0.01, 1.0]$"
Feynman19,FeynmanICh15Eq10,I.15.1,Relativistic momentum,Physics,Relativity,Special Relativity,x0,m_0,$m_0$,$m_0$: rest mass,"m_0 \in [0.01, 1.0]","$m_0 \in [0.01, 1.0]$"
Feynman19,FeynmanICh15Eq10,I.15.1,Relativistic momentum,Physics,Relativity,Special Relativity,x1,v,$v$,$v$: velocity,"v \in [-10000000.0, -100000.0] \cup [100000.0, 10000000.0]","$v \in [-10000000.0, -100000.0] \cup [100000.0, 10000000.0]$"
Feynman18,FeynmanICh15Eq3t,I.15.3t,Lorentz transformation for time (special relativity),Physics,Relativity,Lorentz Transformation,x0,t,$t$,$t$: time,"t \in [1e-06, 0.0001]","$t \in [1e-06, 0.0001]$"
Feynman18,FeynmanICh15Eq3t,I.15.3t,Lorentz transformation for time (special relativity),Physics,Relativity,Lorentz Transformation,x1,u,$u$,$u$: relative velocity,"u \in [-10000000.0, -100000.0] \cup [100000.0, 10000000.0]","$u \in [-10000000.0, -100000.0] \cup [100000.0, 10000000.0]$"
Feynman18,FeynmanICh15Eq3t,I.15.3t,Lorentz transformation for time (special relativity),Physics,Relativity,Lorentz Transformation,x2,x,$x$,$x$: position,"x \in [-100.0, -1.0] \cup [1.0, 100.0]","$x \in [-100.0, -1.0] \cup [1.0, 100.0]$"
Feynman17,FeynmanICh15Eq3x,I.15.3x,Lorentz transformation for position (special relativity),Physics,Relativity,Lorentz Transformation,x0,x,$x$,$x$: position,"x \in [-100.0, -1.0] \cup [1.0, 100.0]","$x \in [-100.0, -1.0] \cup [1.0, 100.0]$"
Feynman17,FeynmanICh15Eq3x,I.15.3x,Lorentz transformation for position (special relativity),Physics,Relativity,Lorentz Transformation,x1,u,$u$,$u$: relative velocity,"u \in [-100000000.0, -1000000.0] \cup [1000000.0, 100000000.0]","$u \in [-100000000.0, -1000000.0] \cup [1000000.0, 100000000.0]$"
Feynman17,FeynmanICh15Eq3x,I.15.3x,Lorentz transformation for position (special relativity),Physics,Relativity,Lorentz Transformation,x2,t,$t$,$t$: time,"t \in [1e-06, 0.0001]","$t \in [1e-06, 0.0001]$"
Feynman20,FeynmanICh16Eq6,I.16.6,Relativistic velocity addition,Physics,Relativity,Velocity Addition,x0,u,$u$,$u$: velocity of object in frame S',"u \in [-100000000.0, -1000000.0] \cup [1000000.0, 100000000.0]","$u \in [-100000000.0, -1000000.0] \cup [1000000.0, 100000000.0]$"
Feynman20,FeynmanICh16Eq6,I.16.6,Relativistic velocity addition,Physics,Relativity,Velocity Addition,x1,v,$v$,$v$: velocity of frame S' relative to S,"v \in [-100000000.0, -1000000.0] \cup [1000000.0, 100000000.0]","$v \in [-100000000.0, -1000000.0] \cup [1000000.0, 100000000.0]$"
Feynman21,FeynmanICh18Eq4,I.18.4,Center of mass position,Physics,Classical Mechanics,Center of Mass,x0,m1,$m_1$,$m_1$: mass of particle 1,"m_1 \in [0.1, 10.0]","$m_1 \in [0.1, 10.0]$"
Feynman21,FeynmanICh18Eq4,I.18.4,Center of mass position,Physics,Classical Mechanics,Center of Mass,x1,r1,$r_1$,$r_1$: position of particle 1,"r_1 \in [-10.0, -0.1] \cup [0.1, 10.0]","$r_1 \in [-10.0, -0.1] \cup [0.1, 10.0]$"
Feynman21,FeynmanICh18Eq4,I.18.4,Center of mass position,Physics,Classical Mechanics,Center of Mass,x2,m2,$m_2$,$m_2$: mass of particle 2,"m_2 \in [0.1, 10.0]","$m_2 \in [0.1, 10.0]$"
Feynman21,FeynmanICh18Eq4,I.18.4,Center of mass position,Physics,Classical Mechanics,Center of Mass,x3,r2,$r_2$,$r_2$: position of particle 2,"r_2 \in [-10.0, -0.1] \cup [0.1, 10.0]","$r_2 \in [-10.0, -0.1] \cup [0.1, 10.0]$"
Feynman22,FeynmanICh18Eq12,I.18.12,Torque (moment of force),Physics,Classical Mechanics,Rotational Dynamics,x0,r,$r$,$r$: distance,"r \in [0.1, 10.0]","$r \in [0.1, 10.0]$"
Feynman22,FeynmanICh18Eq12,I.18.12,Torque (moment of force),Physics,Classical Mechanics,Rotational Dynamics,x1,F,$F$,$F$: force,"F \in [0.1, 10.0]","$F \in [0.1, 10.0]$"
Feynman22,FeynmanICh18Eq12,I.18.12,Torque (moment of force),Physics,Classical Mechanics,Rotational Dynamics,x2,theta,$\theta$,$\theta$: angle,"\theta \in [0, 2.0 \times \pi]","$\theta \in [0, 2.0 \times \pi]$"
Feynman23,FeynmanICh18Eq16,I.18.16,Angular momentum,Physics,Classical Mechanics,Angular Momentum,x0,m,$m$,$m$: mass,"m \in [0.1, 10.0]","$m \in [0.1, 10.0]$"
Feynman23,FeynmanICh18Eq16,I.18.16,Angular momentum,Physics,Classical Mechanics,Angular Momentum,x1,r,$r$,$r$: distance,"r \in [0.1, 10.0]","$r \in [0.1, 10.0]$"
Feynman23,FeynmanICh18Eq16,I.18.16,Angular momentum,Physics,Classical Mechanics,Angular Momentum,x2,v,$v$,$v$: velocity,"v \in [0.1, 10.0]","$v \in [0.1, 10.0]$"
Feynman23,FeynmanICh18Eq16,I.18.16,Angular momentum,Physics,Classical Mechanics,Angular Momentum,x3,theta,$\theta$,$\theta$: angle,"\theta \in [0, 2.0 \times \pi]","$\theta \in [0, 2.0 \times \pi]$"
Feynman24,FeynmanICh24Eq6,I.24.6,Energy of forced harmonic oscillator,Physics,Classical Mechanics,Harmonic Oscillator,x0,m,$m$,$m$: mass,"m \in [0.1, 10.0]","$m \in [0.1, 10.0]$"
Feynman24,FeynmanICh24Eq6,I.24.6,Energy of forced harmonic oscillator,Physics,Classical Mechanics,Harmonic Oscillator,x1,omega,$\omega$,$\omega$: driving frequency,"\omega \in [-10.0, -0.1] \cup [0.1, 10.0]","$\omega \in [-10.0, -0.1] \cup [0.1, 10.0]$"
Feynman24,FeynmanICh24Eq6,I.24.6,Energy of forced harmonic oscillator,Physics,Classical Mechanics,Harmonic Oscillator,x2,omega_0,$\omega_0$,$\omega_0$: natural frequency,"\omega_0 \in [-10.0, -0.1] \cup [0.1, 10.0]","$\omega_0 \in [-10.0, -0.1] \cup [0.1, 10.0]$"
Feynman24,FeynmanICh24Eq6,I.24.6,Energy of forced harmonic oscillator,Physics,Classical Mechanics,Harmonic Oscillator,x3,x,$x$,$x$: amplitude,"x \in [-10.0, -0.1] \cup [0.1, 10.0]","$x \in [-10.0, -0.1] \cup [0.1, 10.0]$"
Feynman25,FeynmanICh25Eq13,I.25.13,Voltage across capacitor,Physics,Electromagnetism,Capacitance,x0,q,$q$,$q$: charge,"q \in [-0.001, -1e-05] \cup [1e-05, 0.001]","$q \in [-0.001, -1e-05] \cup [1e-05, 0.001]$"
Feynman25,FeynmanICh25Eq13,I.25.13,Voltage across capacitor,Physics,Electromagnetism,Capacitance,x1,C,$C$,$C$: capacitance,"C \in [1e-05, 0.001]","$C \in [1e-05, 0.001]$"
Feynman26,FeynmanICh26Eq2,I.26.2,Snell's law (refraction angle),Physics,Optics,Refraction,x0,theta1,$\theta_1$,$\theta_1$: angle of incidence,"\theta_1 in [0.0, 2 \times pi]","$\theta_1 in [0.0, 2 \times pi]$"
Feynman26,FeynmanICh26Eq2,I.26.2,Snell's law (refraction angle),Physics,Optics,Refraction,x1,theta2,$\theta_2$,$\theta_2$: angle of refraction,"\theta_2 in [0.0, 2 \times pi]","$\theta_2 in [0.0, 2 \times pi]$"
Feynman27,FeynmanICh27Eq6,I.27.6,Thin lens equation (image distance),Physics,Optics,Geometric Optics,x0,d1,$d_1$,$d_1$: object distance,"d_1 \in [0.001, 0.1]","$d_1 \in [0.001, 0.1]$"
Feynman27,FeynmanICh27Eq6,I.27.6,Thin lens equation (image distance),Physics,Optics,Geometric Optics,x1,n,$n$,$n$: refractive index,"n \in [0.1, 10.0]","$n \in [0.1, 10.0]$"
Feynman27,FeynmanICh27Eq6,I.27.6,Thin lens equation (image distance),Physics,Optics,Geometric Optics,x2,d2,$d_2$,$d_2$: focal length,"d_2 \in [0.001, 10.0]","$d_2 \in [0.001, 10.0]$"
Feynman28,FeynmanICh29Eq4,I.29.4,Wave number (k),Physics,Wave Mechanics,Wave Properties,x0,omega,$\omega$,$\omega$: angular frequency,"\omega \in [1000000000.0, 100000000000.0]","$\omega \in [1000000000.0, 100000000000.0]$"
Feynman29,FeynmanICh29Eq16,I.29.16,Law of cosines (distance in polar coords),Mathematics,Geometry,Trigonometry,x0,x1,$x_1$,$x_1$: magnitude of vector 1,"x_1 \in [0.1, 10.0]","$x_1 \in [0.1, 10.0]$"
Feynman29,FeynmanICh29Eq16,I.29.16,Law of cosines (distance in polar coords),Mathematics,Geometry,Trigonometry,x1,x2,$x_2$,$x_2$: magnitude of vector 2,"x_2 \in [0.1, 10.0]","$x_2 \in [0.1, 10.0]$"
Feynman29,FeynmanICh29Eq16,I.29.16,Law of cosines (distance in polar coords),Mathematics,Geometry,Trigonometry,x2,theta1,$\theta_1$,$\theta_1$: polar angle of vector 1,"\theta_1 \in [0, 2.0 \times \pi]","$\theta_1 \in [0, 2.0 \times \pi]$"
Feynman29,FeynmanICh29Eq16,I.29.16,Law of cosines (distance in polar coords),Mathematics,Geometry,Trigonometry,x3,theta2,$\theta_2$,$\theta_2$: polar angle of vector 2,"\theta_2 \in [0, 2.0 \times \pi]","$\theta_2 \in [0, 2.0 \times \pi]$"
Feynman30,FeynmanICh30Eq3,I.30.3,Multiple-slit diffraction intensity,Physics,Optics,Diffraction,x0,Int_0,$Int_0$,$Int_0$: max intensity,"Int_0 \in [10.0, 1000.0]","$Int_0 \in [10.0, 1000.0]$"
Feynman30,FeynmanICh30Eq3,I.30.3,Multiple-slit diffraction intensity,Physics,Optics,Diffraction,x1,n,$n$,$n$: number of slits,"n \in [10, 1000]","$n \in [10, 1000]$"
Feynman30,FeynmanICh30Eq3,I.30.3,Multiple-slit diffraction intensity,Physics,Optics,Diffraction,x2,theta,$\theta$,$\theta$: angle,"\theta \in [-2.0 \times \pi, 2.0 \times \pi]","$\theta \in [-2.0 \times \pi, 2.0 \times \pi]$"
Feynman31,FeynmanICh30Eq5,I.30.5,Diffraction grating angle,Physics,Optics,Diffraction,x0,lambda,$\lambda$,$\lambda$: wavelength,"\lambda in [1.0e-11, 1.0e-9]","$\lambda in [1.0e-11, 1.0e-9]$"
Feynman31,FeynmanICh30Eq5,I.30.5,Diffraction grating angle,Physics,Optics,Diffraction,x1,n,$n$,$n$: refractive index,"\n in [1.0, 1.0e2]","$\n in [1.0, 1.0e2]$"
Feynman31,FeynmanICh30Eq5,I.30.5,Diffraction grating angle,Physics,Optics,Diffraction,x2,theta,$\theta$,$\theta$: half-angle of the light cone,"\theta in [0.0, 2 \times \pi]","$\theta in [0.0, 2 \times \pi]$"
Feynman32,FeynmanICh32Eq5,I.32.5,Abraham-Lorentz radiation power,Physics,Electromagnetism,Radiation,x0,q,$q$,$q$: charge,"q \in [-0.1, -0.001] \cup [0.001, 0.1]","$q \in [-0.1, -0.001] \cup [0.001, 0.1]$"
Feynman32,FeynmanICh32Eq5,I.32.5,Abraham-Lorentz radiation power,Physics,Electromagnetism,Radiation,x1,a,$a$,$a$: acceleration,"a \in [100000.0, 10000000.0]","$a \in [100000.0, 10000000.0]$"
Feynman33,FeynmanICh32Eq17,I.32.17,Rayleigh scattering intensity,Physics,Optics,Light Scattering,x0,Ef,$Ef$,$Ef$: electric field amplitude,"Ef \in [-1000.0, -10.0] \cup [10.0, 1000.0]","$Ef \in [-1000.0, -10.0] \cup [10.0, 1000.0]$"
Feynman33,FeynmanICh32Eq17,I.32.17,Rayleigh scattering intensity,Physics,Optics,Light Scattering,x1,r,$r$,$r$: particle radius,"r \in [0.01, 1.0]","$r \in [0.01, 1.0]$"
Feynman33,FeynmanICh32Eq17,I.32.17,Rayleigh scattering intensity,Physics,Optics,Light Scattering,x2,omega,$\omega$,$\omega$: incident light frequency,"\omega \in [-100000000000.0, -1000000000.0] \cup [1000000000.0, 100000000000.0]","$\omega \in [-100000000000.0, -1000000000.0] \cup [1000000000.0, 100000000000.0]$"
Feynman33,FeynmanICh32Eq17,I.32.17,Rayleigh scattering intensity,Physics,Optics,Light Scattering,x3,omega_0,$\omega_0$,$\omega_0$: resonance frequency,"\omega_0 \in [-100000000000.0, -1000000000.0] \cup [1000000000.0, 100000000000.0]","$\omega_0 \in [-100000000000.0, -1000000000.0] \cup [1000000000.0, 100000000000.0]$"
Feynman35,FeynmanICh34Eq10,I.34.1,Doppler shift (approaching),Physics,Wave Mechanics,Doppler Effect,x0,omega_0,$\omega_0$,$\omega_0$: rest frequency,"\omega_0 \in [1000000000.0, 100000000000.0]","$\omega_0 \in [1000000000.0, 100000000000.0]$"
Feynman35,FeynmanICh34Eq10,I.34.1,Doppler shift (approaching),Physics,Wave Mechanics,Doppler Effect,x1,v,$v$,$v$: velocity,"v \in [-10000000.0, -100000.0] \cup [100000.0, 10000000.0]","$v \in [-10000000.0, -100000.0] \cup [100000.0, 10000000.0]$"
Feynman34,FeynmanICh34Eq8,I.34.8,Cyclotron frequency,Physics,Electromagnetism,Particle Dynamics,x0,q,$q$,$q$: particle charge,"q \in [-1e-09, -1e-11] \cup [1e-11, 1e-09]","$q \in [-1e-09, -1e-11] \cup [1e-11, 1e-09]$"
Feynman34,FeynmanICh34Eq8,I.34.8,Cyclotron frequency,Physics,Electromagnetism,Particle Dynamics,x1,v,$v$,$v$: particle velocity,"v \in [-10000000.0, -100000.0] \cup [100000.0, 10000000.0]","$v \in [-10000000.0, -100000.0] \cup [100000.0, 10000000.0]$"
Feynman34,FeynmanICh34Eq8,I.34.8,Cyclotron frequency,Physics,Electromagnetism,Particle Dynamics,x2,B,$B$,$B$: magnetic field strength,"B \in [-1000.0, -10.0] \cup [10.0, 1000.0]","$B \in [-1000.0, -10.0] \cup [10.0, 1000.0]$"
Feynman34,FeynmanICh34Eq8,I.34.8,Cyclotron frequency,Physics,Electromagnetism,Particle Dynamics,x3,p,$p$,$p$: particle momentum,"p \in [-100000000000.0, -1000000000.0] \cup [1000000000.0, 100000000000.0]","$p \in [-100000000000.0, -1000000000.0] \cup [1000000000.0, 100000000000.0]$"
Feynman36,FeynmanICh34Eq14,I.34.14,Relativistic Doppler shift,Physics,Relativity,Doppler Effect,x0,v,$v$,$v$: velocity,"v \in [-100000000.0, -1000000.0] \cup [1000000.0, 100000000.0]","$v \in [-100000000.0, -1000000.0] \cup [1000000.0, 100000000.0]$"
Feynman36,FeynmanICh34Eq14,I.34.14,Relativistic Doppler shift,Physics,Relativity,Doppler Effect,x1,omega_0,$\omega_0$,$\omega_0$: rest frequency,"\omega_0 \in [1000000000.0, 100000000000.0]","$\omega_0 \in [1000000000.0, 100000000000.0]$"
Feynman37,FeynmanICh34Eq27,I.34.27,Photon energy (quantum mechanics),Physics,Quantum Mechanics,Photon Energy,x0,omega,$\omega$,$\omega$: angular frequency,"\omega \in [1000000000.0, 100000000000.0]","$\omega \in [1000000000.0, 100000000000.0]$"
Feynman38,FeynmanICh37Eq4,I.37.4,Interference of two waves,Physics,Optics,Wave Interference,x0,I1,$I_1$,$I_1$: intensity of wave 1,"I_1 \in [0.001, 0.1]","$I_1 \in [0.001, 0.1]$"
Feynman38,FeynmanICh37Eq4,I.37.4,Interference of two waves,Physics,Optics,Wave Interference,x1,I2,$I_2$,$I_2$: intensity of wave 2,"I_2 \in [0.001, 0.1]","$I_2 \in [0.001, 0.1]$"
Feynman38,FeynmanICh37Eq4,I.37.4,Interference of two waves,Physics,Optics,Wave Interference,x2,delta,$\delta$,$\delta$: phase difference between waves,"\delta \in [0, 2.0 \times \pi]","$\delta \in [0, 2.0 \times \pi]$"
Feynman39,FeynmanICh38Eq12,I.38.12,Bohr radius (atomic physics),Physics,Quantum Mechanics,Atomic Structure,x0,m,$m$,$m$: electron mass,"m \in [1e-28, 1e-26]","$m \in [1e-28, 1e-26]$"
Feynman39,FeynmanICh38Eq12,I.38.12,Bohr radius (atomic physics),Physics,Quantum Mechanics,Atomic Structure,x1,q,$q$,$q$: electron charge,"q \in [-1e-09, -1e-11] \cup [1e-11, 1e-09]","$q \in [-1e-09, -1e-11] \cup [1e-11, 1e-09]$"
Feynman40,FeynmanICh39Eq10,I.39.1,Internal energy of monatomic ideal gas,Physics,Thermodynamics,Ideal Gas,x0,pr,$pr$,$pr$: gas pressure,"pr \in [10000.0, 1000000.0]","$pr \in [10000.0, 1000000.0]$"
Feynman40,FeynmanICh39Eq10,I.39.1,Internal energy of monatomic ideal gas,Physics,Thermodynamics,Ideal Gas,x1,V,$V$,$V$: gas volume,"V \in [1e-05, 0.001]","$V \in [1e-05, 0.001]$"
Feynman41,FeynmanICh39Eq11,I.39.11,Internal energy of ideal gas,Physics,Thermodynamics,Ideal Gas,x0,gamma,$\gamma$,$\gamma$: heat capacity ratio $C_p/C_v$,"\gamma \in [1, 2]","$\gamma \in [1, 2]$"
Feynman41,FeynmanICh39Eq11,I.39.11,Internal energy of ideal gas,Physics,Thermodynamics,Ideal Gas,x1,pr,$pr$,$pr$: gas pressure,"pr \in [10000.0, 1000000.0]","$pr \in [10000.0, 1000000.0]$"
Feynman41,FeynmanICh39Eq11,I.39.11,Internal energy of ideal gas,Physics,Thermodynamics,Ideal Gas,x2,V,$V$,$V$: gas volume,"V \in [1e-05, 0.001]","$V \in [1e-05, 0.001]$"
Feynman42,FeynmanICh39Eq22,I.39.22,Ideal gas law (pressure),Physics,Thermodynamics,Gas Laws,x0,n,$n$,$n$: number of molecules,"n \in [1e+23, 1e+25]","$n \in [1e+23, 1e+25]$"
Feynman42,FeynmanICh39Eq22,I.39.22,Ideal gas law (pressure),Physics,Thermodynamics,Gas Laws,x1,T,$T$,$T$: absolute temperature,"T \in [10.0, 1000.0]","$T \in [10.0, 1000.0]$"
Feynman42,FeynmanICh39Eq22,I.39.22,Ideal gas law (pressure),Physics,Thermodynamics,Gas Laws,x2,V,$V$,$V$: gas volume,"V \in [1e-05, 0.001]","$V \in [1e-05, 0.001]$"
Feynman43,FeynmanICh40Eq1,I.40.1,Barometric formula (atmospheric pressure),Physics,Fluid Dynamics,Atmospheric Physics,x0,n_0,$n_0$,$n_0$: reference density,"n_0 \in [1e+25, 1e+27]","$n_0 \in [1e+25, 1e+27]$"
Feynman43,FeynmanICh40Eq1,I.40.1,Barometric formula (atmospheric pressure),Physics,Fluid Dynamics,Atmospheric Physics,x1,m,$m$,$m$: molecular mass,"m \in [1e-24, 1e-22]","$m \in [1e-24, 1e-22]$"
Feynman43,FeynmanICh40Eq1,I.40.1,Barometric formula (atmospheric pressure),Physics,Fluid Dynamics,Atmospheric Physics,x2,x,$x$,$x$: height,"x \in [-1.0, -0.01] \cup [0.01, 1.0]","$x \in [-1.0, -0.01] \cup [0.01, 1.0]$"
Feynman43,FeynmanICh40Eq1,I.40.1,Barometric formula (atmospheric pressure),Physics,Fluid Dynamics,Atmospheric Physics,x3,T,$T$,$T$: temperature,"T \in [10.0, 1000.0]","$T \in [10.0, 1000.0]$"
Feynman44,FeynmanICh41Eq16,I.41.16,Planck's law (blackbody radiation),Physics,Quantum Mechanics,Blackbody Radiation,x0,omega,$\omega$,$\omega$: angular frequency of radiation,"\omega \in [0.1, 10.0]","$\omega \in [0.1, 10.0]$"
Feynman44,FeynmanICh41Eq16,I.41.16,Planck's law (blackbody radiation),Physics,Quantum Mechanics,Blackbody Radiation,x1,T,$T$,$T$: absolute temperature,"T \in [10.0, 1000.0]","$T \in [10.0, 1000.0]$"
Feynman45,FeynmanICh43Eq16,I.43.16,Drift current,Physics,Solid State Physics,Charge Transport,x0,mu_drift,$\mu_{drift}$,$\mu_{drift}$: drift mobility,"\mu_{drift} \in [-0.0001, -1e-06] \cup [1e-06, 0.0001]","$\mu_{drift} \in [-0.0001, -1e-06] \cup [1e-06, 0.0001]$"
Feynman45,FeynmanICh43Eq16,I.43.16,Drift current,Physics,Solid State Physics,Charge Transport,x1,q,$q$,$q$: charge,"q \in [-1e-09, -1e-11] \cup [1e-11, 1e-09]","$q \in [-1e-09, -1e-11] \cup [1e-11, 1e-09]$"
Feynman45,FeynmanICh43Eq16,I.43.16,Drift current,Physics,Solid State Physics,Charge Transport,x2,Volt,$Volt$,$Volt$: voltage,"Volt \in [-10.0, -0.1] \cup [0.1, 10.0]","$Volt \in [-10.0, -0.1] \cup [0.1, 10.0]$"
Feynman45,FeynmanICh43Eq16,I.43.16,Drift current,Physics,Solid State Physics,Charge Transport,x3,d,$d$,$d$: distance,"d \in [0.001, 0.1]","$d \in [0.001, 0.1]$"
Feynman46,FeynmanICh43Eq31,I.43.31,Einstein relation (diffusion coefficient),Physics,Statistical Mechanics,Transport Phenomena,x0,mob,$mob$,$mob$: carrier mobility,"mob \in [10000000000000.0, 1000000000000000.0]","$mob \in [10000000000000.0, 1000000000000000.0]$"
Feynman46,FeynmanICh43Eq31,I.43.31,Einstein relation (diffusion coefficient),Physics,Statistical Mechanics,Transport Phenomena,x1,T,$T$,$T$: absolute temperature,"T \in [10.0, 1000.0]","$T \in [10.0, 1000.0]$"
Feynman47,FeynmanICh43Eq43,I.43.43,Mean free path in gas,Physics,Statistical Mechanics,Kinetic Theory,x0,gamma,$\gamma$,$\gamma$: heat capacity ratio,"\gamma \in [1, 2]","$\gamma \in [1, 2]$"
Feynman47,FeynmanICh43Eq43,I.43.43,Mean free path in gas,Physics,Statistical Mechanics,Kinetic Theory,x1,v,$v$,$v$: mean molecular velocity,"v \in [100.0, 10000.0]","$v \in [100.0, 10000.0]$"
Feynman47,FeynmanICh43Eq43,I.43.43,Mean free path in gas,Physics,Statistical Mechanics,Kinetic Theory,x2,A,$A$,$A$: molecular cross-section,"A \in [1e-21, 1e-19]","$A \in [1e-21, 1e-19]$"
Feynman48,FeynmanICh44Eq4,I.44.4,Entropy change in isothermal expansion,Physics,Thermodynamics,Entropy,x0,n,$n$,$n$: number of particles,"n \in [1e+24, 1e+26]","$n \in [1e+24, 1e+26]$"
Feynman48,FeynmanICh44Eq4,I.44.4,Entropy change in isothermal expansion,Physics,Thermodynamics,Entropy,x1,T,$T$,$T$: absolute temperature,"T \in [10.0, 1000.0]","$T \in [10.0, 1000.0]$"
Feynman48,FeynmanICh44Eq4,I.44.4,Entropy change in isothermal expansion,Physics,Thermodynamics,Entropy,x2,V2,$V_2$,$V_2$: final volume,"V_2 \in [1e-05, 0.001]","$V_2 \in [1e-05, 0.001]$"
Feynman48,FeynmanICh44Eq4,I.44.4,Entropy change in isothermal expansion,Physics,Thermodynamics,Entropy,x3,V1,$V_1$,$V_1$: initial volume,"V_1 \in [1e-05, 0.001]","$V_1 \in [1e-05, 0.001]$"
Feynman49,FeynmanICh47Eq23,I.47.23,Speed of sound in gas,Physics,Fluid Dynamics,Acoustics,x0,gamma,$\gamma$,$\gamma$: heat capacity ratio,"\gamma \in [1, 2]","$\gamma \in [1, 2]$"
Feynman49,FeynmanICh47Eq23,I.47.23,Speed of sound in gas,Physics,Fluid Dynamics,Acoustics,x1,pr,$pr$,$pr$: pressure,"pr \in [5e-06, 1.5e-05]","$pr \in [5e-06, 1.5e-05]$"
Feynman49,FeynmanICh47Eq23,I.47.23,Speed of sound in gas,Physics,Fluid Dynamics,Acoustics,x2,rho,$\rho$,$\rho$: density,"\rho \in [1, 2]","$\rho \in [1, 2]$"
Feynman50,FeynmanICh48Eq2,I.48.2,Relativistic energy (E=mc²/y),Physics,Relativity,Mass-Energy Equivalence,x0,m,$m$,$m$: rest mass,"m \in [1e-29, 1e-27]","$m \in [1e-29, 1e-27]$"
Feynman50,FeynmanICh48Eq2,I.48.2,Relativistic energy (E=mc²/y),Physics,Relativity,Mass-Energy Equivalence,x1,v,$v$,$v$: velocity,"v \in [1000000.0, 100000000.0]","$v \in [1000000.0, 100000000.0]$"
Feynman51,FeynmanICh50Eq26,I.50.26,Nonlinear oscillation,Physics,Classical Mechanics,Nonlinear Dynamics,x0,x1,$x_1$,$x_1$: amplitude,"x_1 \in [0.1, 10.0]","$x_1 \in [0.1, 10.0]$"
Feynman51,FeynmanICh50Eq26,I.50.26,Nonlinear oscillation,Physics,Classical Mechanics,Nonlinear Dynamics,x1,omega,$\omega$,$\omega$: frequency,"\omega \in [-1000.0, -10.0] \cup [10.0, 1000.0]","$\omega \in [-1000.0, -10.0] \cup [10.0, 1000.0]$"
Feynman51,FeynmanICh50Eq26,I.50.26,Nonlinear oscillation,Physics,Classical Mechanics,Nonlinear Dynamics,x2,t,$t$,$t$: time,"t \in [0.001, 0.1]","$t \in [0.001, 0.1]$"
Feynman51,FeynmanICh50Eq26,I.50.26,Nonlinear oscillation,Physics,Classical Mechanics,Nonlinear Dynamics,x3,alpha,$\alpha$,$\alpha$: nonlinearity param,"\alpha \in [-0.1, -0.001] \cup [0.001, 0.1]","$\alpha \in [-0.1, -0.001] \cup [0.001, 0.1]$"
Feynman52,FeynmanIICh2Eq42,II.2.42,Heat flow (Fourier's law),Physics,Thermodynamics,Heat Transfer,x0,kappa,$\kappa$,$\kappa$: thermal conductivity,"\kappa \in [0.1, 10.0]","$\kappa \in [0.1, 10.0]$"
Feynman52,FeynmanIICh2Eq42,II.2.42,Heat flow (Fourier's law),Physics,Thermodynamics,Heat Transfer,x1,T2,$T_2$,$T_2$: temperature at hot side,"T_2 \in [10.0, 1000.0]","$T_2 \in [10.0, 1000.0]$"
Feynman52,FeynmanIICh2Eq42,II.2.42,Heat flow (Fourier's law),Physics,Thermodynamics,Heat Transfer,x2,T1,$T_1$,$T_1$: temperature at cold side,"T_1 \in [10.0, 1000.0]","$T_1 \in [10.0, 1000.0]$"
Feynman52,FeynmanIICh2Eq42,II.2.42,Heat flow (Fourier's law),Physics,Thermodynamics,Heat Transfer,x3,A,$A$,$A$: cross-sectional area,"A \in [0.0001, 0.01]","$A \in [0.0001, 0.01]$"
Feynman52,FeynmanIICh2Eq42,II.2.42,Heat flow (Fourier's law),Physics,Thermodynamics,Heat Transfer,x4,d,$d$,$d$: material thickness,"d \in [0.01, 1.0]","$d \in [0.01, 1.0]$"
Feynman53,FeynmanIICh3Eq24,II.3.24,Intensity from point source (inverse square law),Physics,Wave Mechanics,Intensity,x0,Pwr,$Pwr$,$Pwr$: total power,"Pwr \in [-100.0, -1.0] \cup [1.0, 100.0]","$Pwr \in [-100.0, -1.0] \cup [1.0, 100.0]$"
Feynman53,FeynmanIICh3Eq24,II.3.24,Intensity from point source (inverse square law),Physics,Wave Mechanics,Intensity,x1,r,$r$,$r$: distance,"r \in [0.01, 1.0]","$r \in [0.01, 1.0]$"
Feynman54,FeynmanIICh4Eq23,II.4.23,Electric potential from point charge,Physics,Electromagnetism,Electric Potential,x0,q,$q$,$q$: charge,"q \in [-0.1, -0.001] \cup [0.001, 0.1]","$q \in [-0.1, -0.001] \cup [0.001, 0.1]$"
Feynman54,FeynmanIICh4Eq23,II.4.23,Electric potential from point charge,Physics,Electromagnetism,Electric Potential,x1,r,$r$,$r$: distance,"r \in [0.01, 1.0]","$r \in [0.01, 1.0]$"
Feynman55,FeynmanIICh6Eq11,II.6.11,Electric potential from dipole,Physics,Electromagnetism,Dipole Field,x0,p_d,$p_d$,$p_d$: electric dipole moment,"p_d \in [-1e-20, -1e-22] \cup [1e-22, 1e-20]","$p_d \in [-1e-20, -1e-22] \cup [1e-22, 1e-20]$"
Feynman55,FeynmanIICh6Eq11,II.6.11,Electric potential from dipole,Physics,Electromagnetism,Dipole Field,x1,theta,$\theta$,$\theta$: angle from dipole axis,"\theta \in [0, 2.0 \times \pi]","$\theta \in [0, 2.0 \times \pi]$"
Feynman55,FeynmanIICh6Eq11,II.6.11,Electric potential from dipole,Physics,Electromagnetism,Dipole Field,x2,r,$r$,$r$: distance from dipole,"r \in [1e-10, 1e-08]","$r \in [1e-10, 1e-08]$"
Feynman56,FeynmanIICh6Eq15a,II.6.15a,Electric field component from dipole (cylindrical coords),Physics,Electromagnetism,Dipole Field,x0,p_d,$p_d$,$p_d$: electric dipole moment,"p_d \in [-1e-20, -1e-22] \cup [1e-22, 1e-20]","$p_d \in [-1e-20, -1e-22] \cup [1e-22, 1e-20]$"
Feynman56,FeynmanIICh6Eq15a,II.6.15a,Electric field component from dipole (cylindrical coords),Physics,Electromagnetism,Dipole Field,x1,z,$z$,$z$: Cartesian z-coordinate,"z \in [-1e-08, -1e-10] \cup [1e-10, 1e-08]","$z \in [-1e-08, -1e-10] \cup [1e-10, 1e-08]$"
Feynman56,FeynmanIICh6Eq15a,II.6.15a,Electric field component from dipole (cylindrical coords),Physics,Electromagnetism,Dipole Field,x2,r,$r$,$r$: radial distance from dipole,"r \in [1e-10, 1e-08]","$r \in [1e-10, 1e-08]$"
Feynman56,FeynmanIICh6Eq15a,II.6.15a,Electric field component from dipole (cylindrical coords),Physics,Electromagnetism,Dipole Field,x3,x,$x$,$x$: Cartesian x-coordinate,"x \in [-1e-08, -1e-10] \cup [1e-10, 1e-08]","$x \in [-1e-08, -1e-10] \cup [1e-10, 1e-08]$"
Feynman56,FeynmanIICh6Eq15a,II.6.15a,Electric field component from dipole (cylindrical coords),Physics,Electromagnetism,Dipole Field,x4,y,$y$,$y$: Cartesian y-coordinate,"y \in [-1e-08, -1e-10] \cup [1e-10, 1e-08]","$y \in [-1e-08, -1e-10] \cup [1e-10, 1e-08]$"
Feynman57,FeynmanIICh6Eq15b,II.6.15b,Electric field from dipole (spherical coords),Physics,Electromagnetism,Dipole Field,x0,p_d,$p_d$,$p_d$: electric dipole moment,"p_d \in [-1e-20, -1e-22] \cup [1e-22, 1e-20]","$p_d \in [-1e-20, -1e-22] \cup [1e-22, 1e-20]$"
Feynman57,FeynmanIICh6Eq15b,II.6.15b,Electric field from dipole (spherical coords),Physics,Electromagnetism,Dipole Field,x1,theta,$\theta$,$\theta$: polar angle from dipole axis,"\theta \in [0, \pi]","$\theta \in [0, \pi]$"
Feynman57,FeynmanIICh6Eq15b,II.6.15b,Electric field from dipole (spherical coords),Physics,Electromagnetism,Dipole Field,x2,r,$r$,$r$: radial distance from dipole,"r \in [1e-10, 1e-08]","$r \in [1e-10, 1e-08]$"
Feynman58,FeynmanIICh8Eq7,II.8.7,Capacitance of spherical conductor,Physics,Electromagnetism,Capacitance,x0,q,$q$,$q$: charge,"q \in [-1e-09, -1e-11] \cup [1e-11, 1e-09]","$q \in [-1e-09, -1e-11] \cup [1e-11, 1e-09]$"
Feynman58,FeynmanIICh8Eq7,II.8.7,Capacitance of spherical conductor,Physics,Electromagnetism,Capacitance,x1,d,$d$,$d$: radius,"d \in [1e-12, 1e-10]","$d \in [1e-12, 1e-10]$"
Feynman59,FeynmanIICh8Eq31,II.8.31,Electric field energy density,Physics,Electromagnetism,Energy Density,x0,Ef,$Ef$,$Ef$: electric field magnitude,"Ef \in [10.0, 1000.0]","$Ef \in [10.0, 1000.0]$"
Feynman60,FeynmanIICh10Eq9,II.10.9,Electric field in dielectric,Physics,Electromagnetism,Dielectric Materials,x0,sigma_den,$\sigma_{den}$,$\sigma_{den}$: charge density,"\sigma_{den} \in [-0.1, -0.001] \cup [0.001, 0.1]","$\sigma_{den} \in [-0.1, -0.001] \cup [0.001, 0.1]$"
Feynman60,FeynmanIICh10Eq9,II.10.9,Electric field in dielectric,Physics,Electromagnetism,Dielectric Materials,x1,chi,$\chi$,$\chi$: susceptibility,"\chi \in [1.0, 100.0]","$\chi \in [1.0, 100.0]$"
Feynman61,FeynmanIICh11Eq3,II.11.3,Driven harmonic oscillator amplitude,Physics,Classical Mechanics,Forced Oscillation,x0,q,$q$,$q$: particle charge,"q \in [-1e-09, -1e-11] \cup [1e-11, 1e-09]","$q \in [-1e-09, -1e-11] \cup [1e-11, 1e-09]$"
Feynman61,FeynmanIICh11Eq3,II.11.3,Driven harmonic oscillator amplitude,Physics,Classical Mechanics,Forced Oscillation,x1,Ef,$Ef$,$Ef$: driving electric field,"Ef \in [1e-09, 1e-07]","$Ef \in [1e-09, 1e-07]$"
Feynman61,FeynmanIICh11Eq3,II.11.3,Driven harmonic oscillator amplitude,Physics,Classical Mechanics,Forced Oscillation,x2,m,$m$,$m$: particle mass,"m \in [1e-28, 1e-26]","$m \in [1e-28, 1e-26]$"
Feynman61,FeynmanIICh11Eq3,II.11.3,Driven harmonic oscillator amplitude,Physics,Classical Mechanics,Forced Oscillation,x3,omega_0,$\omega_0$,$\omega_0$: natural frequency,"\omega_0 \in [-100000000000.0, -1000000000.0] \cup [1000000000.0, 100000000000.0]","$\omega_0 \in [-100000000000.0, -1000000000.0] \cup [1000000000.0, 100000000000.0]$"
Feynman61,FeynmanIICh11Eq3,II.11.3,Driven harmonic oscillator amplitude,Physics,Classical Mechanics,Forced Oscillation,x4,omega,$\omega$,$\omega$: driving frequency,"\omega \in [-100000000000.0, -1000000000.0] \cup [1000000000.0, 100000000000.0]","$\omega \in [-100000000000.0, -1000000000.0] \cup [1000000000.0, 100000000000.0]$"
Feynman62,FeynmanIICh11Eq17,II.11.17,Polarization density (Langevin function approximation),Physics,Electromagnetism,Polarization,x0,n_0,$n_0$,$n_0$: reference number density,"n_0 \in [1e+27, 1e+29]","$n_0 \in [1e+27, 1e+29]$"
Feynman62,FeynmanIICh11Eq17,II.11.17,Polarization density (Langevin function approximation),Physics,Electromagnetism,Polarization,x1,p_d,$p_d$,$p_d$: molecular dipole moment,"p_d \in [-1e-20, -1e-22] \cup [1e-22, 1e-20]","$p_d \in [-1e-20, -1e-22] \cup [1e-22, 1e-20]$"
Feynman62,FeynmanIICh11Eq17,II.11.17,Polarization density (Langevin function approximation),Physics,Electromagnetism,Polarization,x2,Ef,$Ef$,$Ef$: applied electric field,"Ef \in [-1000.0, -10.0] \cup [10.0, 1000.0]","$Ef \in [-1000.0, -10.0] \cup [10.0, 1000.0]$"
Feynman62,FeynmanIICh11Eq17,II.11.17,Polarization density (Langevin function approximation),Physics,Electromagnetism,Polarization,x3,theta,$\theta$,$\theta$: angle between field and dipole,"\theta \in [0, 2.0 \times \pi]","$\theta \in [0, 2.0 \times \pi]$"
Feynman62,FeynmanIICh11Eq17,II.11.17,Polarization density (Langevin function approximation),Physics,Electromagnetism,Polarization,x4,T,$T$,$T$: absolute temperature,"T \in [10.0, 1000.0]","$T \in [10.0, 1000.0]$"
Feynman63,FeynmanIICh11Eq20,II.11.20,Polarization (electric susceptibility),Physics,Electromagnetism,Polarization,x0,n_rho,$n_{\rho}$,$n_{\rho}$: molecular number density,"n_{\rho} \in [1e+23, 1e+25]","$n_{\rho} \in [1e+23, 1e+25]$"
Feynman63,FeynmanIICh11Eq20,II.11.20,Polarization (electric susceptibility),Physics,Electromagnetism,Polarization,x1,p_d,$p_d$,$p_d$: molecular dipole moment,"p_d \in [-1e-20, -1e-22] \cup [1e-22, 1e-20]","$p_d \in [-1e-20, -1e-22] \cup [1e-22, 1e-20]$"
Feynman63,FeynmanIICh11Eq20,II.11.20,Polarization (electric susceptibility),Physics,Electromagnetism,Polarization,x2,Ef,$Ef$,$Ef$: applied electric field,"Ef \in [-1000.0, -10.0] \cup [10.0, 1000.0]","$Ef \in [-1000.0, -10.0] \cup [10.0, 1000.0]$"
Feynman63,FeynmanIICh11Eq20,II.11.20,Polarization (electric susceptibility),Physics,Electromagnetism,Polarization,x3,T,$T$,$T$: absolute temperature,"T \in [10.0, 1000.0]","$T \in [10.0, 1000.0]$"
Feynman64,FeynmanIICh11Eq27,II.11.27,Clausius-Mossotti relation (polarization),Physics,Electromagnetism,Dielectric Materials,x0,n,$n$,$n$: molecular number density,"n \in [1e+23, 1e+25]","$n \in [1e+23, 1e+25]$"
Feynman64,FeynmanIICh11Eq27,II.11.27,Clausius-Mossotti relation (polarization),Physics,Electromagnetism,Dielectric Materials,x1,alpha,$\alpha$,$\alpha$: molecular polarizability,"\alpha \in [1e-33, 1e-31]","$\alpha \in [1e-33, 1e-31]$"
Feynman64,FeynmanIICh11Eq27,II.11.27,Clausius-Mossotti relation (polarization),Physics,Electromagnetism,Dielectric Materials,x2,Ef,$Ef$,$Ef$: applied electric field,"Ef \in [10.0, 1000.0]","$Ef \in [10.0, 1000.0]$"
Feynman65,FeynmanIICh11Eq28,II.11.28,Dielectric constant from polarizability,Physics,Electromagnetism,Dielectric Materials,x0,n,$n$,$n$: molecular number density,"n \in [1e+23, 1e+25]","$n \in [1e+23, 1e+25]$"
Feynman65,FeynmanIICh11Eq28,II.11.28,Dielectric constant from polarizability,Physics,Electromagnetism,Dielectric Materials,x1,alpha,$\alpha$,$\alpha$: molecular polarizability,"\alpha \in [1e-33, 1e-31]","$\alpha \in [1e-33, 1e-31]$"
Feynman66,FeynmanIICh13Eq17,II.13.17,Magnetic field from current (Biot-Savart),Physics,Electromagnetism,Magnetic Field,x0,I,$I$,$I$: electric current,"I \in [-0.1, -0.001] \cup [0.001, 0.1]","$I \in [-0.1, -0.001] \cup [0.001, 0.1]$"
Feynman66,FeynmanIICh13Eq17,II.13.17,Magnetic field from current (Biot-Savart),Physics,Electromagnetism,Magnetic Field,x1,r,$r$,$r$: distance from wire,"r \in [0.001, 0.1]","$r \in [0.001, 0.1]$"
Feynman67,FeynmanIICh13Eq23,II.13.23,Relativistic charge density,Physics,Relativity,Charge Density,x0,rho_c_0,$\rho_{c_0}$,$\rho_{c_0}$: rest charge density,"\rho_{c_0} \in [1e+27, 1e+29]","$\rho_{c_0} \in [1e+27, 1e+29]$"
Feynman67,FeynmanIICh13Eq23,II.13.23,Relativistic charge density,Physics,Relativity,Charge Density,x1,v,$v$,$v$: velocity,"v \in [1000000.0, 100000000.0]","$v \in [1000000.0, 100000000.0]$"
Feynman68,FeynmanIICh13Eq34,II.13.34,Relativistic current density,Physics,Relativity,Current Density,x0,rho_c_0,$\rho_{c_0}$,$\rho_{c_0}$: rest charge density,"\rho_{c_0} \in [1e+27, 1e+29]","$\rho_{c_0} \in [1e+27, 1e+29]$"
Feynman68,FeynmanIICh13Eq34,II.13.34,Relativistic current density,Physics,Relativity,Current Density,x1,v,$v$,$v$: velocity,"v \in [1000000.0, 100000000.0]","$v \in [1000000.0, 100000000.0]$"
Feynman69,FeynmanIICh15Eq4,II.15.4,Magnetic dipole potential energy,Physics,Electromagnetism,Magnetic Dipole,x0,mom,$mom$,$mom$: magnetic dipole moment,"mom \in [-1e-23, -1e-25] \cup [1e-25, 1e-23]","$mom \in [-1e-23, -1e-25] \cup [1e-25, 1e-23]$"
Feynman69,FeynmanIICh15Eq4,II.15.4,Magnetic dipole potential energy,Physics,Electromagnetism,Magnetic Dipole,x1,B,$B$,$B$: magnetic field strength,"B \in [-0.1, -0.001] \cup [0.001, 0.1]","$B \in [-0.1, -0.001] \cup [0.001, 0.1]$"
Feynman69,FeynmanIICh15Eq4,II.15.4,Magnetic dipole potential energy,Physics,Electromagnetism,Magnetic Dipole,x2,theta,$\theta$,$\theta$: angle between field and moment,"\theta \in [0, 2.0 \times \pi]","$\theta \in [0, 2.0 \times \pi]$"
Feynman70,FeynmanIICh15Eq5,II.15.5,Electric dipole potential energy,Physics,Electromagnetism,Electric Dipole,x0,p_d,$p_d$,$p_d$: electric dipole moment,"p_d \in [-1e-20, -1e-22] \cup [1e-22, 1e-20]","$p_d \in [-1e-20, -1e-22] \cup [1e-22, 1e-20]$"
Feynman70,FeynmanIICh15Eq5,II.15.5,Electric dipole potential energy,Physics,Electromagnetism,Electric Dipole,x1,Ef,$Ef$,$Ef$: electric field strength,"Ef \in [-1000.0, -10.0] \cup [10.0, 1000.0]","$Ef \in [-1000.0, -10.0] \cup [10.0, 1000.0]$"
Feynman70,FeynmanIICh15Eq5,II.15.5,Electric dipole potential energy,Physics,Electromagnetism,Electric Dipole,x2,theta,$\theta$,$\theta$: angle between field and dipole,"\theta \in [0, 2.0 \times \pi]","$\theta \in [0, 2.0 \times \pi]$"
Feynman71,FeynmanIICh21Eq32,II.21.32,Liénard-Wiechert potential (moving charge),Physics,Electromagnetism,Retarded Potential,x0,q,$q$,$q$: charge,"q \in [-0.1, -0.001] \cup [0.001, 0.1]","$q \in [-0.1, -0.001] \cup [0.001, 0.1]$"
Feynman71,FeynmanIICh21Eq32,II.21.32,Liénard-Wiechert potential (moving charge),Physics,Electromagnetism,Retarded Potential,x1,r,$r$,$r$: distance,"r \in [1.0, 100.0]","$r \in [1.0, 100.0]$"
Feynman71,FeynmanIICh21Eq32,II.21.32,Liénard-Wiechert potential (moving charge),Physics,Electromagnetism,Retarded Potential,x2,v,$v$,$v$: velocity,"v \in [1000000.0, 100000000.0]","$v \in [1000000.0, 100000000.0]$"
Feynman72,FeynmanIICh24Eq17,II.24.17,Wave number in waveguide,Engineering,Electrical Engineering,Waveguide Theory,x0,omega,$\omega$,$\omega$: frequency,"\omega \in [-100000000000.0, -1000000000.0] \cup [1000000000.0, 100000000000.0]","$\omega \in [-100000000000.0, -1000000000.0] \cup [1000000000.0, 100000000000.0]$"
Feynman72,FeynmanIICh24Eq17,II.24.17,Wave number in waveguide,Engineering,Electrical Engineering,Waveguide Theory,x1,d,$d$,$d$: waveguide dimension,"d \in [0.001, 0.1]","$d \in [0.001, 0.1]$"
Feynman73,FeynmanIICh27Eq16,II.27.16,Poynting vector magnitude,Physics,Electromagnetism,Energy Flow,x0,Ef,$Ef$,$Ef$: electric field amplitude,"Ef \in [0.1, 10.0]","$Ef \in [0.1, 10.0]$"
Feynman74,FeynmanIICh27Eq18,II.27.18,Electric energy flux,Physics,Electromagnetism,Energy Density,x0,Ef,$Ef$,$Ef$: electric field amplitude,"Ef \in [0.1, 10.0]","$Ef \in [0.1, 10.0]$"
Feynman75,FeynmanIICh34Eq2a,II.34.2a,Magnetic dipole moment (current loop),Physics,Electromagnetism,Magnetic Moment,x0,q,$q$,$q$: charge,"q \in [-1e-09, -1e-11] \cup [1e-11, 1e-09]","$q \in [-1e-09, -1e-11] \cup [1e-11, 1e-09]$"
Feynman75,FeynmanIICh34Eq2a,II.34.2a,Magnetic dipole moment (current loop),Physics,Electromagnetism,Magnetic Moment,x1,v,$v$,$v$: velocity,"v \in [-10000000.0, -100000.0] \cup [100000.0, 10000000.0]","$v \in [-10000000.0, -100000.0] \cup [100000.0, 10000000.0]$"
Feynman75,FeynmanIICh34Eq2a,II.34.2a,Magnetic dipole moment (current loop),Physics,Electromagnetism,Magnetic Moment,x2,r,$r$,$r$: radius,"r \in [1e-11, 1e-09]","$r \in [1e-11, 1e-09]$"
Feynman76,FeynmanIICh34Eq2,II.34.2,Magnetic moment (orbiting charge),Physics,Electromagnetism,Magnetic Moment,x0,q,$q$,$q$: particle charge,"q \in [-1e-09, -1e-11] \cup [1e-11, 1e-09]","$q \in [-1e-09, -1e-11] \cup [1e-11, 1e-09]$"
Feynman76,FeynmanIICh34Eq2,II.34.2,Magnetic moment (orbiting charge),Physics,Electromagnetism,Magnetic Moment,x1,v,$v$,$v$: orbital velocity,"v \in [-10000000.0, -100000.0] \cup [100000.0, 10000000.0]","$v \in [-10000000.0, -100000.0] \cup [100000.0, 10000000.0]$"
Feynman76,FeynmanIICh34Eq2,II.34.2,Magnetic moment (orbiting charge),Physics,Electromagnetism,Magnetic Moment,x2,r,$r$,$r$: orbital radius,"r \in [1e-11, 1e-09]","$r \in [1e-11, 1e-09]$"
Feynman77,FeynmanIICh34Eq11,II.34.11,Larmor precession frequency,Physics,Quantum Mechanics,Spin Precession,x0,g_,$g$,$g$: Landé g-factor,"g \in [-1.0, 1.0]","$g \in [-1.0, 1.0]$"
Feynman77,FeynmanIICh34Eq11,II.34.11,Larmor precession frequency,Physics,Quantum Mechanics,Spin Precession,x1,q,$q$,$q$: particle charge,"q \in [-1e-09, -1e-11] \cup [1e-11, 1e-09]","$q \in [-1e-09, -1e-11] \cup [1e-11, 1e-09]$"
Feynman77,FeynmanIICh34Eq11,II.34.11,Larmor precession frequency,Physics,Quantum Mechanics,Spin Precession,x2,B,$B$,$B$: magnetic field strength,"B \in [-1e-07, -1e-09] \cup [1e-09, 1e-07]","$B \in [-1e-07, -1e-09] \cup [1e-09, 1e-07]$"
Feynman77,FeynmanIICh34Eq11,II.34.11,Larmor precession frequency,Physics,Quantum Mechanics,Spin Precession,x3,m,$m$,$m$: particle mass,"m \in [1e-30, 1e-28]","$m \in [1e-30, 1e-28]$"
Feynman78,FeynmanIICh34Eq29a,II.34.29a,Bohr magneton,Physics,Quantum Mechanics,Magnetic Moment,x0,q,$q$,$q$: electron charge,"q \in [-1e-09, -1e-11] \cup [1e-11, 1e-09]","$q \in [-1e-09, -1e-11] \cup [1e-11, 1e-09]$"
Feynman78,FeynmanIICh34Eq29a,II.34.29a,Bohr magneton,Physics,Quantum Mechanics,Magnetic Moment,x1,m,$m$,$m$: electron mass,"m \in [1e-30, 1e-28]","$m \in [1e-30, 1e-28]$"
Feynman79,FeynmanIICh34Eq29b,II.34.29b,Zeeman effect energy splitting,Physics,Quantum Mechanics,Atomic Spectroscopy,x0,g_,$g$,$g$: Landé g-factor,"g \in [-1.0, 1.0]","$g \in [-1.0, 1.0]$"
Feynman79,FeynmanIICh34Eq29b,II.34.29b,Zeeman effect energy splitting,Physics,Quantum Mechanics,Atomic Spectroscopy,x1,B,$B$,$B$: applied magnetic field,"B \in [-0.1, -0.001] \cup [0.001, 0.1]","$B \in [-0.1, -0.001] \cup [0.001, 0.1]$"
Feynman79,FeynmanIICh34Eq29b,II.34.29b,Zeeman effect energy splitting,Physics,Quantum Mechanics,Atomic Spectroscopy,x2,Jz,$Jz$,$Jz$: z-component of angular momentum,"Jz \in [-1e-22, -1e-26] \cup [1e-26, 1e-22]","$Jz \in [-1e-22, -1e-26] \cup [1e-26, 1e-22]$"
Feynman80,FeynmanIICh35Eq18,II.35.18,Paramagnetism (Brillouin function approx),Physics,Solid State Physics,Magnetism,x0,n_0,$n_0$,$n_0$: total number density,"n_0 \in [1e+23, 1e+25]","$n_0 \in [1e+23, 1e+25]$"
Feynman80,FeynmanIICh35Eq18,II.35.18,Paramagnetism (Brillouin function approx),Physics,Solid State Physics,Magnetism,x1,mom,$mom$,$mom$: magnetic moment per particle,"mom \in [1e-25, 1e-23]","$mom \in [1e-25, 1e-23]$"
Feynman80,FeynmanIICh35Eq18,II.35.18,Paramagnetism (Brillouin function approx),Physics,Solid State Physics,Magnetism,x2,B,$B$,$B$: applied magnetic field,"B \in [0.001, 0.1]","$B \in [0.001, 0.1]$"
Feynman80,FeynmanIICh35Eq18,II.35.18,Paramagnetism (Brillouin function approx),Physics,Solid State Physics,Magnetism,x3,T,$T$,$T$: absolute temperature,"T \in [10.0, 1000.0]","$T \in [10.0, 1000.0]$"
Feynman81,FeynmanIICh35Eq21,II.35.21,Magnetization (Langevin function),Physics,Solid State Physics,Magnetization,x0,n_rho,$n_{\rho}$,$n_{\rho}$: particle number density,"n_{\rho} \in [1e+23, 1e+25]","$n_{\rho} \in [1e+23, 1e+25]$"
Feynman81,FeynmanIICh35Eq21,II.35.21,Magnetization (Langevin function),Physics,Solid State Physics,Magnetization,x1,mom,$mom$,$mom$: magnetic moment per particle,"mom \in [1e-25, 1e-23]","$mom \in [1e-25, 1e-23]$"
Feynman81,FeynmanIICh35Eq21,II.35.21,Magnetization (Langevin function),Physics,Solid State Physics,Magnetization,x2,B,$B$,$B$: applied magnetic field,"B \in [0.001, 0.1]","$B \in [0.001, 0.1]$"
Feynman81,FeynmanIICh35Eq21,II.35.21,Magnetization (Langevin function),Physics,Solid State Physics,Magnetization,x3,T,$T$,$T$: absolute temperature,"T \in [10.0, 1000.0]","$T \in [10.0, 1000.0]$"
Feynman82,FeynmanIICh36Eq38,II.36.38,Magnetization with electric contribution,Physics,Solid State Physics,Magneto-Electric Coupling,x0,mom,$mom$,$mom$: magnetic moment per particle,"mom \in [-1e-23, -1e-25] \cup [1e-25, 1e-23]","$mom \in [-1e-23, -1e-25] \cup [1e-25, 1e-23]$"
Feynman82,FeynmanIICh36Eq38,II.36.38,Magnetization with electric contribution,Physics,Solid State Physics,Magneto-Electric Coupling,x1,H,$H$,$H$: applied magnetic field,"H \in [-0.1, -0.001] \cup [0.001, 0.1]","$H \in [-0.1, -0.001] \cup [0.001, 0.1]$"
Feynman82,FeynmanIICh36Eq38,II.36.38,Magnetization with electric contribution,Physics,Solid State Physics,Magneto-Electric Coupling,x2,T,$T$,$T$: absolute temperature,"T \in [10.0, 1000.0]","$T \in [10.0, 1000.0]$"
Feynman82,FeynmanIICh36Eq38,II.36.38,Magnetization with electric contribution,Physics,Solid State Physics,Magneto-Electric Coupling,x3,alpha,$\alpha$,$\alpha$: magneto-electric coupling constant,"\alpha \in [0, 1]","$\alpha \in [0, 1]$"
Feynman82,FeynmanIICh36Eq38,II.36.38,Magnetization with electric contribution,Physics,Solid State Physics,Magneto-Electric Coupling,x4,M,$M$,$M$: magnetization,"M \in [1e+23, 1e+25]","$M \in [1e+23, 1e+25]$"
Feynman83,FeynmanIICh37Eq1,II.37.1,Magnetic field in material,Physics,Solid State Physics,Magnetic Materials,x0,mom,$mom$,$mom$: magnetic moment per particle,"mom \in [-1e-23, -1e-25] \cup [1e-25, 1e-23]","$mom \in [-1e-23, -1e-25] \cup [1e-25, 1e-23]$"
Feynman83,FeynmanIICh37Eq1,II.37.1,Magnetic field in material,Physics,Solid State Physics,Magnetic Materials,x1,chi,$\chi$,$\chi$: magnetic susceptibility,"\chi \in [-1000000.0, -10000.0] \cup [10000.0, 1000000.0]","$\chi \in [-1000000.0, -10000.0] \cup [10000.0, 1000000.0]$"
Feynman83,FeynmanIICh37Eq1,II.37.1,Magnetic field in material,Physics,Solid State Physics,Magnetic Materials,x2,B,$B$,$B$: applied magnetic field,"B \in [-0.1, -0.001] \cup [0.001, 0.1]","$B \in [-0.1, -0.001] \cup [0.001, 0.1]$"
Feynman84,FeynmanIICh38Eq3,II.38.3,Hooke's law for stress/strain (force),Engineering,Mechanical Engineering,Elasticity,x0,Y,$Y$,$Y$: Young's modulus,"Y \in [0.1, 10.0]","$Y \in [0.1, 10.0]$"
Feynman84,FeynmanIICh38Eq3,II.38.3,Hooke's law for stress/strain (force),Engineering,Mechanical Engineering,Elasticity,x1,A,$A$,$A$: cross-sectional area,"A \in [0.0001, 0.01]","$A \in [0.0001, 0.01]$"
Feynman84,FeynmanIICh38Eq3,II.38.3,Hooke's law for stress/strain (force),Engineering,Mechanical Engineering,Elasticity,x2,x,$x$,$x$: elongation (extension),"x \in [-0.1, -0.001] \cup [0.001, 0.1]","$x \in [-0.1, -0.001] \cup [0.001, 0.1]$"
Feynman84,FeynmanIICh38Eq3,II.38.3,Hooke's law for stress/strain (force),Engineering,Mechanical Engineering,Elasticity,x3,d,$d$,$d$: original length,"d \in [0.01, 1.0]","$d \in [0.01, 1.0]$"
Feynman85,FeynmanIICh38Eq14,II.38.14,Shear modulus from Young's modulus,Engineering,Mechanical Engineering,Material Properties,x0,Y,$Y$,$Y$: Young's modulus,"Y \in [0.1, 10.0]","$Y \in [0.1, 10.0]$"
Feynman85,FeynmanIICh38Eq14,II.38.14,Shear modulus from Young's modulus,Engineering,Mechanical Engineering,Material Properties,x1,sigma,$\sigma$,$\sigma$: Poisson's ratio,"\sigma \in [0.01, 1.0]","$\sigma \in [0.01, 1.0]$"
Feynman86,FeynmanIIICh4Eq32,III.4.32,Bose-Einstein distribution,Physics,Statistical Mechanics,Quantum Statistics,x0,omega,$\omega$,$\omega$: angular frequency,"\omega \in [100000000.0, 10000000000.0]","$\omega \in [100000000.0, 10000000000.0]$"
Feynman86,FeynmanIIICh4Eq32,III.4.32,Bose-Einstein distribution,Physics,Statistical Mechanics,Quantum Statistics,x1,T,$T$,$T$: absolute temperature,"T \in [10.0, 1000.0]","$T \in [10.0, 1000.0]$"
Feynman87,FeynmanIIICh4Eq33,III.4.33,Average energy (Bose-Einstein statistics),Physics,Statistical Mechanics,Quantum Statistics,x0,omega,$\omega$,$\omega$: angular frequency,"\omega \in [100000000.0, 10000000000.0]","$\omega \in [100000000.0, 10000000000.0]$"
Feynman87,FeynmanIIICh4Eq33,III.4.33,Average energy (Bose-Einstein statistics),Physics,Statistical Mechanics,Quantum Statistics,x1,T,$T$,$T$: absolute temperature,"T \in [10.0, 1000.0]","$T \in [10.0, 1000.0]$"
Feynman88,FeynmanIIICh7Eq38,III.7.38,Gyromagnetic ratio times field,Physics,Quantum Mechanics,Spin Dynamics,x0,mom,$mom$,$mom$: magnetic dipole moment,"mom \in [-1e-09, -1e-11] \cup [1e-11, 1e-09]","$mom \in [-1e-09, -1e-11] \cup [1e-11, 1e-09]$"
Feynman88,FeynmanIIICh7Eq38,III.7.38,Gyromagnetic ratio times field,Physics,Quantum Mechanics,Spin Dynamics,x1,B,$B$,$B$: magnetic field,"B \in [-0.1, -0.001] \cup [0.001, 0.1]","$B \in [-0.1, -0.001] \cup [0.001, 0.1]$"
Feynman89,FeynmanIIICh8Eq54,III.8.54,Quantum transition probability (time-dependent),Physics,Quantum Mechanics,Time Evolution,x0,E_n,$E_n$,$E_n$: energy,"E_n \in [-1e-16, -1e-18] \cup [1e-18, 1e-16]","$E_n \in [-1e-16, -1e-18] \cup [1e-18, 1e-16]$"
Feynman89,FeynmanIIICh8Eq54,III.8.54,Quantum transition probability (time-dependent),Physics,Quantum Mechanics,Time Evolution,x1,t,$t$,$t$: time,"t \in [1e-18, 1e-16]","$t \in [1e-18, 1e-16]$"
Feynman90,FeynmanIIICh9Eq52,III.9.52,Rabi oscillation transition rate,Physics,Quantum Mechanics,Quantum Optics,x0,p_d,$p_d$,$p_d$: electric dipole moment,"p_d \in [-1e-20, -1e-22] \cup [1e-22, 1e-20]","$p_d \in [-1e-20, -1e-22] \cup [1e-22, 1e-20]$"
Feynman90,FeynmanIIICh9Eq52,III.9.52,Rabi oscillation transition rate,Physics,Quantum Mechanics,Quantum Optics,x1,Ef,$Ef$,$Ef$: electric field amplitude,"Ef \in [-1000.0, -10.0] \cup [10.0, 1000.0]","$Ef \in [-1000.0, -10.0] \cup [10.0, 1000.0]$"
Feynman90,FeynmanIIICh9Eq52,III.9.52,Rabi oscillation transition rate,Physics,Quantum Mechanics,Quantum Optics,x2,t,$t$,$t$: time,"t \in [1e-18, 1e-16]","$t \in [1e-18, 1e-16]$"
Feynman90,FeynmanIIICh9Eq52,III.9.52,Rabi oscillation transition rate,Physics,Quantum Mechanics,Quantum Optics,x3,omega,$\omega$,$\omega$: driving frequency,"\omega \in [100000000.0, 10000000000.0]","$\omega \in [100000000.0, 10000000000.0]$"
Feynman90,FeynmanIIICh9Eq52,III.9.52,Rabi oscillation transition rate,Physics,Quantum Mechanics,Quantum Optics,x4,omega_0,$\omega_0$,$\omega_0$: resonance frequency,"\omega_0 \in [100000000.0, 10000000000.0]","$\omega_0 \in [100000000.0, 10000000000.0]$"
Feynman91,FeynmanIIICh10Eq19,III.10.19,Energy in 3D magnetic field,Physics,Quantum Mechanics,Zeeman Energy,x0,mom,$mom$,$mom$: magnetic dipole moment,"mom \in [-1e-23, -1e-25] \cup [1e-25, 1e-23]","$mom \in [-1e-23, -1e-25] \cup [1e-25, 1e-23]$"
Feynman91,FeynmanIIICh10Eq19,III.10.19,Energy in 3D magnetic field,Physics,Quantum Mechanics,Zeeman Energy,x1,Bx,$Bx$,$Bx$: x-component of magnetic field,"Bx \in [-0.1, -0.001] \cup [0.001, 0.1]","$Bx \in [-0.1, -0.001] \cup [0.001, 0.1]$"
Feynman91,FeynmanIIICh10Eq19,III.10.19,Energy in 3D magnetic field,Physics,Quantum Mechanics,Zeeman Energy,x2,By,$By$,$By$: y-component of magnetic field,"By \in [-0.1, -0.001] \cup [0.001, 0.1]","$By \in [-0.1, -0.001] \cup [0.001, 0.1]$"
Feynman91,FeynmanIIICh10Eq19,III.10.19,Energy in 3D magnetic field,Physics,Quantum Mechanics,Zeeman Energy,x3,Bz,$Bz$,$Bz$: z-component of magnetic field,"Bz \in [-0.1, -0.001] \cup [0.001, 0.1]","$Bz \in [-0.1, -0.001] \cup [0.001, 0.1]$"
Feynman92,FeynmanIIICh12Eq43,III.12.43,Quantized angular momentum,Physics,Quantum Mechanics,Angular Momentum,x0,n,$n$,$n$: principal quantum number,"n \in [1, 100]","$n \in [1, 100]$"
Feynman93,FeynmanIIICh13Eq18,III.13.18,Fermi's golden rule (transition rate),Physics,Quantum Mechanics,Perturbation Theory,x0,E_n,$E_n$,$E_n$: energy,"E_n \in [-1e-16, -1e-18] \cup [1e-18, 1e-16]","$E_n \in [-1e-16, -1e-18] \cup [1e-18, 1e-16]$"
Feynman93,FeynmanIIICh13Eq18,III.13.18,Fermi's golden rule (transition rate),Physics,Quantum Mechanics,Perturbation Theory,x1,d,$d$,$d$: matrix element,"d \in [1e-10, 1e-08]","$d \in [1e-10, 1e-08]$"
Feynman93,FeynmanIIICh13Eq18,III.13.18,Fermi's golden rule (transition rate),Physics,Quantum Mechanics,Perturbation Theory,x2,k,$k$,$k$: density of states,"k \in [0.1, 10.0]","$k \in [0.1, 10.0]$"
Feynman94,FeynmanIIICh14Eq14,III.14.14,Shockley diode equation,Engineering,Electrical Engineering,Semiconductor Devices,x0,I_0,$I_0$,$I_0$: saturation current,"I_0 \in [-0.1, -0.001] \cup [0.001, 0.1]","$I_0 \in [-0.1, -0.001] \cup [0.001, 0.1]$"
Feynman94,FeynmanIIICh14Eq14,III.14.14,Shockley diode equation,Engineering,Electrical Engineering,Semiconductor Devices,x1,q,$q$,$q$: elementary charge,"q \in [1e-22, 1e-20]","$q \in [1e-22, 1e-20]$"
Feynman94,FeynmanIIICh14Eq14,III.14.14,Shockley diode equation,Engineering,Electrical Engineering,Semiconductor Devices,x2,Volt,$Volt$,$Volt$: applied voltage,"Volt \in [-10.0, -0.1] \cup [0.1, 10.0]","$Volt \in [-10.0, -0.1] \cup [0.1, 10.0]$"
Feynman94,FeynmanIIICh14Eq14,III.14.14,Shockley diode equation,Engineering,Electrical Engineering,Semiconductor Devices,x3,T,$T$,$T$: absolute temperature,"T \in [10.0, 1000.0]","$T \in [10.0, 1000.0]$"
Feynman95,FeynmanIIICh15Eq12,III.15.12,Tight-binding dispersion relation,Physics,Solid State Physics,Band Structure,x0,U,$U$,$U$: coupling energy,"U \in [1e-18, 1e-16]","$U \in [1e-18, 1e-16]$"
Feynman95,FeynmanIIICh15Eq12,III.15.12,Tight-binding dispersion relation,Physics,Solid State Physics,Band Structure,x1,k,$k$,$k$: wave vector,"k \in [0.1, 10.0]","$k \in [0.1, 10.0]$"
Feynman95,FeynmanIIICh15Eq12,III.15.12,Tight-binding dispersion relation,Physics,Solid State Physics,Band Structure,x2,d,$d$,$d$: lattice constant,"d \in [1e-10, 1e-08]","$d \in [1e-10, 1e-08]$"
Feynman96,FeynmanIIICh15Eq14,III.15.14,Effective mass in quantum well,Physics,Quantum Mechanics,Quantum Confinement,x0,E_n,$E_n$,$E_n$: energy,"E_n \in [1e-18, 1e-16]","$E_n \in [1e-18, 1e-16]$"
Feynman96,FeynmanIIICh15Eq14,III.15.14,Effective mass in quantum well,Physics,Quantum Mechanics,Quantum Confinement,x1,d,$d$,$d$: well width,"d \in [1e-10, 1e-08]","$d \in [1e-10, 1e-08]$"
Feynman97,FeynmanIIICh15Eq27,III.15.27,Reciprocal lattice vector,Physics,Solid State Physics,Crystallography,x0,alpha,$\alpha$,$\alpha$: lattice parameter,"\alpha \in [-100, -1] \cup [1, 100]","$\alpha \in [-100, -1] \cup [1, 100]$"
Feynman97,FeynmanIIICh15Eq27,III.15.27,Reciprocal lattice vector,Physics,Solid State Physics,Crystallography,x1,n,$n$,$n$: Miller index,"n \in [1, 100]","$n \in [1, 100]$"
Feynman97,FeynmanIIICh15Eq27,III.15.27,Reciprocal lattice vector,Physics,Solid State Physics,Crystallography,x2,d,$d$,$d$: spacing,"d \in [1e-10, 1e-08]","$d \in [1e-10, 1e-08]$"
Feynman98,FeynmanIIICh17Eq37,III.17.37,Angular modulation function,Mathematics,Applied Mathematics,Signal Processing,x0,beta,$\beta$,$\beta$: amplitude parameter,"\beta \in [1e-18, 1e-16]","$\beta \in [1e-18, 1e-16]$"
Feynman98,FeynmanIIICh17Eq37,III.17.37,Angular modulation function,Mathematics,Applied Mathematics,Signal Processing,x1,alpha,$\alpha$,$\alpha$: modulation depth,"\alpha \in [-1e-16, -1e-18] \cup [1e-18, 1e-16]","$\alpha \in [-1e-16, -1e-18] \cup [1e-18, 1e-16]$"
Feynman98,FeynmanIIICh17Eq37,III.17.37,Angular modulation function,Mathematics,Applied Mathematics,Signal Processing,x2,theta,$\theta$,$\theta$: angle,"\theta \in [0, 2.0 \times \pi]","$\theta \in [0, 2.0 \times \pi]$"
Feynman99,FeynmanIIICh19Eq51,III.19.51,Hydrogen atom energy levels (Bohr model),Physics,Quantum Mechanics,Atomic Physics,x0,m,$m$,$m$: electron mass,"m \in [1e-30, 1e-28]","$m \in [1e-30, 1e-28]$"
Feynman99,FeynmanIIICh19Eq51,III.19.51,Hydrogen atom energy levels (Bohr model),Physics,Quantum Mechanics,Atomic Physics,x1,q,$q$,$q$: electron charge,"q \in [-1e-09, -1e-11] \cup [1e-11, 1e-09]","$q \in [-1e-09, -1e-11] \cup [1e-11, 1e-09]$"
Feynman99,FeynmanIIICh19Eq51,III.19.51,Hydrogen atom energy levels (Bohr model),Physics,Quantum Mechanics,Atomic Physics,x2,n,$n$,$n$: principal quantum number,"n \in [1, 100]","$n \in [1, 100]$"
Feynman100,FeynmanIIICh21Eq20,III.21.20,Current density in quantum mechanics,Physics,Quantum Mechanics,Electromagnetic Coupling,x0,rho_c_0,$\rho_{c_0}$,$\rho_{c_0}$: charge density,"\rho_{c_0} \in [1e+29, 1e+27]","$\rho_{c_0} \in [1e+29, 1e+27]$"
Feynman100,FeynmanIIICh21Eq20,III.21.20,Current density in quantum mechanics,Physics,Quantum Mechanics,Electromagnetic Coupling,x1,q,$q$,$q$: electric charge,"q \in [1e-09, 1e-11]","$q \in [1e-09, 1e-11]$"
Feynman100,FeynmanIIICh21Eq20,III.21.20,Current density in quantum mechanics,Physics,Quantum Mechanics,Electromagnetic Coupling,x2,A_vec,$A_{vec}$,$A_{vec}$: magnetic vector potential,"A_{vec} \in [-0.1, -0.001] \cup [0.001, 0.1]","$A_{vec} \in [-0.1, -0.001] \cup [0.001, 0.1]$"
Feynman100,FeynmanIIICh21Eq20,III.21.20,Current density in quantum mechanics,Physics,Quantum Mechanics,Electromagnetic Coupling,x3,m,$m$,$m$: particle mass,"m \in [1e-30, 1e-28]","$m \in [1e-30, 1e-28]$"
Bonus1,FeynmanBonus1,Bonus1.0,Mott scattering cross-section (relativistic Rutherford),Physics,Nuclear Physics,Scattering Theory,x0,Z_1,$Z_1$,$Z_1$: atomic number of projectile,"Z_1 \in [1, 10]","$Z_1 \in [1, 10]$"
Bonus1,FeynmanBonus1,Bonus1.0,Mott scattering cross-section (relativistic Rutherford),Physics,Nuclear Physics,Scattering Theory,x1,Z_2,$Z_2$,$Z_2$: atomic number of target,"Z_2 \in [1, 10]","$Z_2 \in [1, 10]$"
Bonus1,FeynmanBonus1,Bonus1.0,Mott scattering cross-section (relativistic Rutherford),Physics,Nuclear Physics,Scattering Theory,x2,E_n,$E_n$,$E_n$: kinetic energy of projectile,"E_n \in [1e-18, 1e-16]","$E_n \in [1e-18, 1e-16]$"
Bonus1,FeynmanBonus1,Bonus1.0,Mott scattering cross-section (relativistic Rutherford),Physics,Nuclear Physics,Scattering Theory,x3,theta,$\theta$,$\theta$: scattering angle,"\theta \in [0, 2.0 \times \pi]","$\theta \in [0, 2.0 \times \pi]$"
Bonus2,FeynmanBonus2,Bonus2.0,Effective potential in two-body problem,Physics,Classical Mechanics,Central Force Motion,x0,m,$m$,$m$: reduced mass of system,"m \in [1e+23, 1e+25]","$m \in [1e+23, 1e+25]$"
Bonus2,FeynmanBonus2,Bonus2.0,Effective potential in two-body problem,Physics,Classical Mechanics,Central Force Motion,x1,k_G,$k_G$,$k_G$: gravitational coupling $Gm_1m_2$,"k_G \in [1000000000.0, 100000000000.0]","$k_G \in [1000000000.0, 100000000000.0]$"
Bonus2,FeynmanBonus2,Bonus2.0,Effective potential in two-body problem,Physics,Classical Mechanics,Central Force Motion,x2,L,$L$,$L$: total angular momentum,"L \in [100000000.0, 10000000000.0]","$L \in [100000000.0, 10000000000.0]$"
Bonus2,FeynmanBonus2,Bonus2.0,Effective potential in two-body problem,Physics,Classical Mechanics,Central Force Motion,x3,E_n,$E_n$,$E_n$: total mechanical energy,"E_n \in [1e+25, 1e+27]","$E_n \in [1e+25, 1e+27]$"
Bonus2,FeynmanBonus2,Bonus2.0,Effective potential in two-body problem,Physics,Classical Mechanics,Central Force Motion,x4,theta1,$\theta_1$,$\theta_1$: current true anomaly,"\theta_1 \in [0, 2.0 \times \pi]","$\theta_1 \in [0, 2.0 \times \pi]$"
Bonus2,FeynmanBonus2,Bonus2.0,Effective potential in two-body problem,Physics,Classical Mechanics,Central Force Motion,x5,theta2,$\theta_2$,$\theta_2$: periapsis argument,"\theta_2 \in [0, 2.0 \times \pi]","$\theta_2 \in [0, 2.0 \times \pi]$"
Bonus3,FeynmanBonus3,Bonus3.0,Orbit equation (conic section with eccentricity),Physics,Classical Mechanics,Orbital Mechanics,x0,d,$d$,$d$: semi-latus rectum of orbit,"d \in [100000000.0, 10000000000.0]","$d \in [100000000.0, 10000000000.0]$"
Bonus3,FeynmanBonus3,Bonus3.0,Orbit equation (conic section with eccentricity),Physics,Classical Mechanics,Orbital Mechanics,x1,alpha,$\alpha$,$\alpha$: orbital eccentricity,"\alpha \in [0.0, 1.0]","$\alpha \in [0.0, 1.0]$"
Bonus3,FeynmanBonus3,Bonus3.0,Orbit equation (conic section with eccentricity),Physics,Classical Mechanics,Orbital Mechanics,x2,theta1,$\theta_1$,$\theta_1$: current true anomaly,"\theta_1 \in [0, 2.0 \times \pi]","$\theta_1 \in [0, 2.0 \times \pi]$"
Bonus3,FeynmanBonus3,Bonus3.0,Orbit equation (conic section with eccentricity),Physics,Classical Mechanics,Orbital Mechanics,x3,theta2,$\theta_2$,$\theta_2$: argument of periapsis,"\theta_2 \in [0, 2.0 \times \pi]","$\theta_2 \in [0, 2.0 \times \pi]$"
Bonus4,FeynmanBonus4,Bonus4.0,Radial velocity (classical orbital mechanics),Physics,Classical Mechanics,Orbital Dynamics,x0,m,$m$,$m$: mass,"m \in [1e+23, 1e+25]","$m \in [1e+23, 1e+25]$"
Bonus4,FeynmanBonus4,Bonus4.0,Radial velocity (classical orbital mechanics),Physics,Classical Mechanics,Orbital Dynamics,x1,E_n,$E_n$,$E_n$: total energy,"E_n \in [1e+25, 1e+27]","$E_n \in [1e+25, 1e+27]$"
Bonus4,FeynmanBonus4,Bonus4.0,Radial velocity (classical orbital mechanics),Physics,Classical Mechanics,Orbital Dynamics,x2,U,$U$,$U$: potential energy,"U \in [1e+25, 1e+27]","$U \in [1e+25, 1e+27]$"
Bonus4,FeynmanBonus4,Bonus4.0,Radial velocity (classical orbital mechanics),Physics,Classical Mechanics,Orbital Dynamics,x3,L,$L$,$L$: angular momentum,"L \in [-10000000000.0, -100000000.0] \cup [100000000.0, 10000000000.0]","$L \in [-10000000000.0, -100000000.0] \cup [100000000.0, 10000000000.0]$"
Bonus4,FeynmanBonus4,Bonus4.0,Radial velocity (classical orbital mechanics),Physics,Classical Mechanics,Orbital Dynamics,x4,r,$r$,$r$: radial distance,"r \in [100000000.0, 10000000000.0]","$r \in [100000000.0, 10000000000.0]$"
Bonus5,FeynmanBonus5,Bonus5.0,Kepler's third law (orbital period),Astronomy,Celestial Mechanics,Keplerian Orbits,x0,d,$d$,$d$: semi-major axis of orbit,"d \in [100000000.0, 10000000000.0]","$d \in [100000000.0, 10000000000.0]$"
Bonus5,FeynmanBonus5,Bonus5.0,Kepler's third law (orbital period),Astronomy,Celestial Mechanics,Keplerian Orbits,x1,m1,$m_1$,$m_1$: mass of primary body,"m_1 \in [1e+23, 1e+25]","$m_1 \in [1e+23, 1e+25]$"
Bonus5,FeynmanBonus5,Bonus5.0,Kepler's third law (orbital period),Astronomy,Celestial Mechanics,Keplerian Orbits,x2,m2,$m_2$,$m_2$: mass of orbiting body,"m_2 \in [1e+23, 1e+25]","$m_2 \in [1e+23, 1e+25]$"
Bonus6,FeynmanBonus6,Bonus6.0,Eccentricity of Coulomb/Kepler orbit,Physics,Classical Mechanics,Central Force Orbits,x0,epsilon,$\epsilon$,$\epsilon$: permittivity of vacuum,"\epsilon \in [-1e-16, -1e-18] \cup [1e-18, 1e-16]","$\epsilon \in [-1e-16, -1e-18] \cup [1e-18, 1e-16]$"
Bonus6,FeynmanBonus6,Bonus6.0,Eccentricity of Coulomb/Kepler orbit,Physics,Classical Mechanics,Central Force Orbits,x1,E_n,$E_n$,$E_n$: total mechanical energy,"E_n \in [1e-18, 1e-16]","$E_n \in [1e-18, 1e-16]$"
Bonus6,FeynmanBonus6,Bonus6.0,Eccentricity of Coulomb/Kepler orbit,Physics,Classical Mechanics,Central Force Orbits,x2,L,$L$,$L$: orbital angular momentum,"L \in [1e-10, 1e-08]","$L \in [1e-10, 1e-08]$"
Bonus6,FeynmanBonus6,Bonus6.0,Eccentricity of Coulomb/Kepler orbit,Physics,Classical Mechanics,Central Force Orbits,x3,m,$m$,$m$: reduced mass of system,"m \in [1e-30, 1e-28]","$m \in [1e-30, 1e-28]$"
Bonus6,FeynmanBonus6,Bonus6.0,Eccentricity of Coulomb/Kepler orbit,Physics,Classical Mechanics,Central Force Orbits,x4,Z_1,$Z_1$,$Z_1$: charge number of particle 1,"Z_1 \in [1, 10]","$Z_1 \in [1, 10]$"
Bonus6,FeynmanBonus6,Bonus6.0,Eccentricity of Coulomb/Kepler orbit,Physics,Classical Mechanics,Central Force Orbits,x5,Z_2,$Z_2$,$Z_2$: charge number of particle 2,"Z_2 \in [1, 10]","$Z_2 \in [1, 10]$"
Bonus6,FeynmanBonus6,Bonus6.0,Eccentricity of Coulomb/Kepler orbit,Physics,Classical Mechanics,Central Force Orbits,x6,q,$q$,$q$: elementary charge,"q \in [-1e-09, -1e-11] \cup [1e-11, 1e-09]","$q \in [-1e-09, -1e-11] \cup [1e-11, 1e-09]$"
Bonus7,FeynmanBonus7,Bonus7.0,"Friedmann equation (Hubble parameter, $H = \dot{a}/a$)",Astronomy,Cosmology,Expansion Dynamics,x0,rho,$\rho$,$\rho$: mass density,"\rho \in [1e-27, 1e-25]","$\rho \in [1e-27, 1e-25]$"
Bonus7,FeynmanBonus7,Bonus7.0,"Friedmann equation (Hubble parameter, $H = \dot{a}/a$)",Astronomy,Cosmology,Expansion Dynamics,x1,alpha,$\alpha$,$\alpha$: curvature constant,"\alpha \in [-1, --1] \cup [-1, 1]","$\alpha \in [-1, --1] \cup [-1, 1]$"
Bonus7,FeynmanBonus7,Bonus7.0,"Friedmann equation (Hubble parameter, $H = \dot{a}/a$)",Astronomy,Cosmology,Expansion Dynamics,x2,d,$d$,$d$: scale factor,"d \in [100000000.0, 10000000000.0]","$d \in [100000000.0, 10000000000.0]$"
Bonus8,FeynmanBonus8,Bonus8.0,Compton scattering (scattered photon energy),Physics,Quantum Mechanics,Photon Scattering,x0,E_n,$E_n$,$E_n$: photon energy,"E_n \in [1e-24, 1e-22]","$E_n \in [1e-24, 1e-22]$"
Bonus8,FeynmanBonus8,Bonus8.0,Compton scattering (scattered photon energy),Physics,Quantum Mechanics,Photon Scattering,x1,theta,$\theta$,$\theta$: scattering angle,"\theta \in [-\pi, --\pi] \cup [-\pi, \pi]","$\theta \in [-\pi, --\pi] \cup [-\pi, \pi]$"
Bonus9,FeynmanBonus9,Bonus9.0,Gravitational wave power loss (binary system),Physics,General Relativity,Gravitational Radiation,x0,m1,$m_1$,$m_1$: mass of first body,"m_1 \in [1e+23, 1e+25]","$m_1 \in [1e+23, 1e+25]$"
Bonus9,FeynmanBonus9,Bonus9.0,Gravitational wave power loss (binary system),Physics,General Relativity,Gravitational Radiation,x1,m2,$m_2$,$m_2$: mass of second body,"m_2 \in [1e+23, 1e+25]","$m_2 \in [1e+23, 1e+25]$"
Bonus9,FeynmanBonus9,Bonus9.0,Gravitational wave power loss (binary system),Physics,General Relativity,Gravitational Radiation,x2,r,$r$,$r$: orbital separation,"r \in [100000000.0, 10000000000.0]","$r \in [100000000.0, 10000000000.0]$"
Bonus10,FeynmanBonus10,Bonus10.0,Relativistic aberration angle,Physics,Relativity,Light Aberration,x0,theta2,$\theta_2$,$\theta_2$: angle in rest frame,"\theta_2 \in [0, 2.0 \times \pi]","$\theta_2 \in [0, 2.0 \times \pi]$"
Bonus10,FeynmanBonus10,Bonus10.0,Relativistic aberration angle,Physics,Relativity,Light Aberration,x1,v,$v$,$v$: velocity,"v \in [100000.0, 10000000.0]","$v \in [100000.0, 10000000.0]$"
Bonus11,FeynmanBonus11,Bonus11.0,Fraunhofer diffraction (N-slit interference pattern),Physics,Optics,Diffraction Patterns,x0,I_0,$I_0$,$I_0$: max intensity,"I_0 \in [0.001, 0.1]","$I_0 \in [0.001, 0.1]$"
Bonus11,FeynmanBonus11,Bonus11.0,Fraunhofer diffraction (N-slit interference pattern),Physics,Optics,Diffraction Patterns,x1,alpha,$\alpha$,$\alpha$: single-slit phase,"\alpha \in [1e-11, 1e-09]","$\alpha \in [1e-11, 1e-09]$"
Bonus11,FeynmanBonus11,Bonus11.0,Fraunhofer diffraction (N-slit interference pattern),Physics,Optics,Diffraction Patterns,x2,n,$n$,$n$: number of slits,"n \in [1, 100]","$n \in [1, 100]$"
Bonus11,FeynmanBonus11,Bonus11.0,Fraunhofer diffraction (N-slit interference pattern),Physics,Optics,Diffraction Patterns,x3,delta,$\delta$,$\delta$: inter-slit phase,"\delta \in [1e-11, 1e-09]","$\delta \in [1e-11, 1e-09]$"
Bonus12,FeynmanBonus12,Bonus12.0,Electric field from grounded conducting sphere (image charge method),Physics,Electromagnetism,Electrostatic Boundary Problems,x0,q,$q$,$q$: point charge,"q \in [-0.1, -0.001] \cup [0.001, 0.1]","$q \in [-0.1, -0.001] \cup [0.001, 0.1]$"
Bonus12,FeynmanBonus12,Bonus12.0,Electric field from grounded conducting sphere (image charge method),Physics,Electromagnetism,Electrostatic Boundary Problems,x1,epsilon,$\epsilon$,$\epsilon$: permittivity of vacuum,"\epsilon \in [1e-12, 1e-10]","$\epsilon \in [1e-12, 1e-10]$"
Bonus12,FeynmanBonus12,Bonus12.0,Electric field from grounded conducting sphere (image charge method),Physics,Electromagnetism,Electrostatic Boundary Problems,x2,y,$y$,$y$: distance from sphere center,"y \in [0.01, 1.0]","$y \in [0.01, 1.0]$"
Bonus12,FeynmanBonus12,Bonus12.0,Electric field from grounded conducting sphere (image charge method),Physics,Electromagnetism,Electrostatic Boundary Problems,x3,Volt,$Volt$,$Volt$: potential reference,"Volt \in [-10.0, -0.1] \cup [0.1, 10.0]","$Volt \in [-10.0, -0.1] \cup [0.1, 10.0]$"
Bonus12,FeynmanBonus12,Bonus12.0,Electric field from grounded conducting sphere (image charge method),Physics,Electromagnetism,Electrostatic Boundary Problems,x4,d,$d$,$d$: sphere radius,"d \in [0.01, 1.0]","$d \in [0.01, 1.0]$"
Bonus13,FeynmanBonus13,Bonus13.0,Coulomb potential (law of cosines form for arbitrary geometry),Physics,Electromagnetism,Electric Potential,x0,q,$q$,$q$: point charge magnitude,"q \in [-0.1, -0.001] \cup [0.001, 0.1]","$q \in [-0.1, -0.001] \cup [0.001, 0.1]$"
Bonus13,FeynmanBonus13,Bonus13.0,Coulomb potential (law of cosines form for arbitrary geometry),Physics,Electromagnetism,Electric Potential,x1,r,$r$,$r$: distance from origin to field point,"r \in [0.01, 1.0]","$r \in [0.01, 1.0]$"
Bonus13,FeynmanBonus13,Bonus13.0,Coulomb potential (law of cosines form for arbitrary geometry),Physics,Electromagnetism,Electric Potential,x2,d,$d$,$d$: distance from origin to charge,"d \in [0.01, 1.0]","$d \in [0.01, 1.0]$"
Bonus13,FeynmanBonus13,Bonus13.0,Coulomb potential (law of cosines form for arbitrary geometry),Physics,Electromagnetism,Electric Potential,x3,alpha,$\alpha$,$\alpha$: angle between $\mathbf{d}$ and $\mathbf{r}$,"\alpha \in [0, \pi]","$\alpha \in [0, \pi]$"
Bonus14,FeynmanBonus14,Bonus14.0,Induced dipole potential (dielectric sphere in uniform field),Physics,Electromagnetism,Dielectric Response,x0,Ef,$Ef$,$Ef$: external electric field,"Ef \in [-1000.0, -10.0] \cup [10.0, 1000.0]","$Ef \in [-1000.0, -10.0] \cup [10.0, 1000.0]$"
Bonus14,FeynmanBonus14,Bonus14.0,Induced dipole potential (dielectric sphere in uniform field),Physics,Electromagnetism,Dielectric Response,x1,theta,$\theta$,$\theta$: polar angle from field direction,"\theta \in [0, \pi]","$\theta \in [0, \pi]$"
Bonus14,FeynmanBonus14,Bonus14.0,Induced dipole potential (dielectric sphere in uniform field),Physics,Electromagnetism,Dielectric Response,x2,r,$r$,$r$: distance from sphere center,"r \in [0.01, 1.0]","$r \in [0.01, 1.0]$"
Bonus14,FeynmanBonus14,Bonus14.0,Induced dipole potential (dielectric sphere in uniform field),Physics,Electromagnetism,Dielectric Response,x3,d,$d$,$d$: sphere radius,"d \in [0.01, 1.0]","$d \in [0.01, 1.0]$"
Bonus14,FeynmanBonus14,Bonus14.0,Induced dipole potential (dielectric sphere in uniform field),Physics,Electromagnetism,Dielectric Response,x4,alpha,$\alpha$,$\alpha$: relative dielectric constant,"\alpha \in [0.1, 10.0]","$\alpha \in [0.1, 10.0]$"
Bonus15,FeynmanBonus15,Bonus15.0,Relativistic Doppler shift (general angle),Physics,Relativity,Doppler Effect,x0,v,$v$,$v$: relative velocity,"v \in [100000.0, 10000000.0]","$v \in [100000.0, 10000000.0]$"
Bonus15,FeynmanBonus15,Bonus15.0,Relativistic Doppler shift (general angle),Physics,Relativity,Doppler Effect,x1,omega,$\omega$,$\omega$: source frequency (rest frame),"\omega \in [1000000000.0, 100000000000.0]","$\omega \in [1000000000.0, 100000000000.0]$"
Bonus15,FeynmanBonus15,Bonus15.0,Relativistic Doppler shift (general angle),Physics,Relativity,Doppler Effect,x2,theta,$\theta$,$\theta$: angle between velocity and observation,"\theta \in [0, 2.0 \times \pi]","$\theta \in [0, 2.0 \times \pi]$"
Bonus16,FeynmanBonus16,Bonus16.0,"Relativistic Hamiltonian (charged particle in EM field, minimal coupling)",Physics,Relativity,Relativistic Dynamics,x0,p,$p$,$p$: canonical momentum,"p \in [-1e-07, -1e-09] \cup [1e-09, 1e-07]","$p \in [-1e-07, -1e-09] \cup [1e-09, 1e-07]$"
Bonus16,FeynmanBonus16,Bonus16.0,"Relativistic Hamiltonian (charged particle in EM field, minimal coupling)",Physics,Relativity,Relativistic Dynamics,x1,q,$q$,$q$: particle charge,"q \in [-1e-09, -1e-11] \cup [1e-11, 1e-09]","$q \in [-1e-09, -1e-11] \cup [1e-11, 1e-09]$"
Bonus16,FeynmanBonus16,Bonus16.0,"Relativistic Hamiltonian (charged particle in EM field, minimal coupling)",Physics,Relativity,Relativistic Dynamics,x2,A_vec,$A_{vec}$,$A_{vec}$: magnetic vector potential,"A_{vec} \in [-1000.0, -10.0] \cup [10.0, 1000.0]","$A_{vec} \in [-1000.0, -10.0] \cup [10.0, 1000.0]$"
Bonus16,FeynmanBonus16,Bonus16.0,"Relativistic Hamiltonian (charged particle in EM field, minimal coupling)",Physics,Relativity,Relativistic Dynamics,x3,m,$m$,$m$: rest mass,"m \in [1e-30, 1e-28]","$m \in [1e-30, 1e-28]$"
Bonus16,FeynmanBonus16,Bonus16.0,"Relativistic Hamiltonian (charged particle in EM field, minimal coupling)",Physics,Relativity,Relativistic Dynamics,x4,Volt,$Volt$,$Volt$: scalar potential,"Volt \in [-10.0, -0.1] \cup [0.1, 10.0]","$Volt \in [-10.0, -0.1] \cup [0.1, 10.0]$"
Bonus17,FeynmanBonus17,Bonus17.0,Hamiltonian (anharmonic oscillator with cubic nonlinearity),Physics,Classical Mechanics,Hamiltonian Mechanics,x0,m,$m$,$m$: particle mass,"m \in [1e-30, 1e-28]","$m \in [1e-30, 1e-28]$"
Bonus17,FeynmanBonus17,Bonus17.0,Hamiltonian (anharmonic oscillator with cubic nonlinearity),Physics,Classical Mechanics,Hamiltonian Mechanics,x1,p,$p$,$p$: canonical momentum,"p \in [-1e-07, -1e-09] \cup [1e-09, 1e-07]","$p \in [-1e-07, -1e-09] \cup [1e-09, 1e-07]$"
Bonus17,FeynmanBonus17,Bonus17.0,Hamiltonian (anharmonic oscillator with cubic nonlinearity),Physics,Classical Mechanics,Hamiltonian Mechanics,x2,omega,$\omega$,$\omega$: natural angular frequency,"\omega \in [-100000000000.0, -1000000000.0] \cup [1000000000.0, 100000000000.0]","$\omega \in [-100000000000.0, -1000000000.0] \cup [1000000000.0, 100000000000.0]$"
Bonus17,FeynmanBonus17,Bonus17.0,Hamiltonian (anharmonic oscillator with cubic nonlinearity),Physics,Classical Mechanics,Hamiltonian Mechanics,x3,x,$x$,$x$: displacement from equilibrium,"x \in [-1e-09, -1e-11] \cup [1e-11, 1e-09]","$x \in [-1e-09, -1e-11] \cup [1e-11, 1e-09]$"
Bonus17,FeynmanBonus17,Bonus17.0,Hamiltonian (anharmonic oscillator with cubic nonlinearity),Physics,Classical Mechanics,Hamiltonian Mechanics,x4,alpha,$\alpha$,$\alpha$: anharmonicity parameter,"\alpha \in [-10.0, -0.1] \cup [0.1, 10.0]","$\alpha \in [-10.0, -0.1] \cup [0.1, 10.0]$"
Bonus17,FeynmanBonus17,Bonus17.0,Hamiltonian (anharmonic oscillator with cubic nonlinearity),Physics,Classical Mechanics,Hamiltonian Mechanics,x5,y,$y$,$y$: characteristic length scale,"y \in [1e-11, 1e-09]","$y \in [1e-11, 1e-09]$"
Bonus18,FeynmanBonus18,Bonus18.0,Friedmann equation (total energy density from curvature),Astronomy,Cosmology,Energy Density,x0,k_f,$k_f$,$k_f$: spatial curvature constant,"k_f \in [-1000.0, -10.0] \cup [10.0, 1000.0]","$k_f \in [-1000.0, -10.0] \cup [10.0, 1000.0]$"
Bonus18,FeynmanBonus18,Bonus18.0,Friedmann equation (total energy density from curvature),Astronomy,Cosmology,Energy Density,x1,r,$r$,$r$: scale factor $a(t)$,"r \in [100000000.0, 10000000000.0]","$r \in [100000000.0, 10000000000.0]$"
Bonus18,FeynmanBonus18,Bonus18.0,Friedmann equation (total energy density from curvature),Astronomy,Cosmology,Energy Density,x2,H_G,$H_G$,$H_G$: Hubble parameter,"H_G \in [-100.0, -1.0] \cup [1.0, 100.0]","$H_G \in [-100.0, -1.0] \cup [1.0, 100.0]$"
Bonus19,FeynmanBonus19,Bonus19.0,"Friedmann equation (effective pressure, equation of state parameter $w=\alpha$)",Astronomy,Cosmology,Equation of State,x0,k_f,$k_f$,$k_f$: spatial curvature constant,"k_f \in [-1000.0, -10.0] \cup [10.0, 1000.0]","$k_f \in [-1000.0, -10.0] \cup [10.0, 1000.0]$"
Bonus19,FeynmanBonus19,Bonus19.0,"Friedmann equation (effective pressure, equation of state parameter $w=\alpha$)",Astronomy,Cosmology,Equation of State,x1,r,$r$,$r$: scale factor $a(t)$,"r \in [100000000.0, 10000000000.0]","$r \in [100000000.0, 10000000000.0]$"
Bonus19,FeynmanBonus19,Bonus19.0,"Friedmann equation (effective pressure, equation of state parameter $w=\alpha$)",Astronomy,Cosmology,Equation of State,x2,H_G,$H_G$,$H_G$: Hubble parameter,"H_G \in [-100.0, -1.0] \cup [1.0, 100.0]","$H_G \in [-100.0, -1.0] \cup [1.0, 100.0]$"
Bonus19,FeynmanBonus19,Bonus19.0,"Friedmann equation (effective pressure, equation of state parameter $w=\alpha$)",Astronomy,Cosmology,Equation of State,x3,alpha,$\alpha$,$\alpha$: equation of state parameter $w$,"\alpha \in [-10, --10] \cup [-10, 10]","$\alpha \in [-10, --10] \cup [-10, 10]$"
Bonus20,FeynmanBonus20,Bonus20.0,Klein-Nishina formula (quantum Compton differential cross-section),Physics,Quantum Mechanics,Scattering Cross-Section,x0,omega_0,$\omega_0$,$\omega_0$: incident photon frequency,"\omega_0 \in [1000000000.0, 100000000000.0]","$\omega_0 \in [1000000000.0, 100000000000.0]$"
Bonus20,FeynmanBonus20,Bonus20.0,Klein-Nishina formula (quantum Compton differential cross-section),Physics,Quantum Mechanics,Scattering Cross-Section,x1,omega,$\omega$,$\omega$: scattered photon frequency,"\omega \in [1000000000.0, 100000000000.0]","$\omega \in [1000000000.0, 100000000000.0]$"
Bonus20,FeynmanBonus20,Bonus20.0,Klein-Nishina formula (quantum Compton differential cross-section),Physics,Quantum Mechanics,Scattering Cross-Section,x2,beta,$\beta$,$\beta$: scattering angle,"\beta \in [0, 2.0 \times \pi]","$\beta \in [0, 2.0 \times \pi]$"
