EquationKey,EquationChapter,Equation,Equation-Description,Taxonomy-Domain,Taxonomy-Subdomain,Taxonomy-Specific,Variable,Variable_LaTeX,Variables_Description_LaTeX,Variables_Domain,Variables_Domain_LaTeX
Feynman1,FeynmanICh6Eq20a,I.6.2a,Gaussian distribution (normal distribution with $\sigma=1$),Mathematics,Probability Theory,Gaussian Distribution,theta,$\theta$,$\theta$: angle/position,"\theta \in [1.0,3.0]","$\theta \in [1.0,3.0]$"
Feynman2,FeynmanICh6Eq20,I.6.2,Gaussian/normal distribution probability density,Mathematics,Probability Theory,Gaussian Distribution,sigma,$\sigma$,$\sigma$: std deviation,"\sigma \in [1.0,3.0]","$\sigma \in [1.0,3.0]$"
Feynman2,FeynmanICh6Eq20,I.6.2,Gaussian/normal distribution probability density,Mathematics,Probability Theory,Gaussian Distribution,theta,$\theta$,$\theta$: variable,"\theta \in [1.0,3.0]","$\theta \in [1.0,3.0]$"
Feynman3,FeynmanICh6Eq20b,I.6.2b,Gaussian distribution with mean $\theta_1$,Mathematics,Probability Theory,Gaussian Distribution,sigma,$\sigma$,$\sigma$: std deviation,"\sigma \in [1.0,3.0]","$\sigma \in [1.0,3.0]$"
Feynman3,FeynmanICh6Eq20b,I.6.2b,Gaussian distribution with mean $\theta_1$,Mathematics,Probability Theory,Gaussian Distribution,theta,$\theta$,$\theta$: variable,"\theta \in [1.0,3.0]","$\theta \in [1.0,3.0]$"
Feynman3,FeynmanICh6Eq20b,I.6.2b,Gaussian distribution with mean $\theta_1$,Mathematics,Probability Theory,Gaussian Distribution,theta1,$\theta_1$,$\theta_1$: mean,"\theta_1 \in [1.0,3.0]","$\theta_1 \in [1.0,3.0]$"
Feynman4,FeynmanICh8Eq14,I.8.14,Euclidean distance between two points in 2D,Mathematics,Geometry,Euclidean Distance,x1,$x_1$,$x_1$: x-coordinate of point 1,"x_1 \in [1.0,5.0]","$x_1 \in [1.0,5.0]$"
Feynman4,FeynmanICh8Eq14,I.8.14,Euclidean distance between two points in 2D,Mathematics,Geometry,Euclidean Distance,x2,$x_2$,$x_2$: x-coordinate of point 2,"x_2 \in [1.0,5.0]","$x_2 \in [1.0,5.0]$"
Feynman4,FeynmanICh8Eq14,I.8.14,Euclidean distance between two points in 2D,Mathematics,Geometry,Euclidean Distance,y1,$y_1$,$y_1$: y-coordinate of point 1,"y_1 \in [1.0,5.0]","$y_1 \in [1.0,5.0]$"
Feynman4,FeynmanICh8Eq14,I.8.14,Euclidean distance between two points in 2D,Mathematics,Geometry,Euclidean Distance,y2,$y_2$,$y_2$: y-coordinate of point 2,"y_2 \in [1.0,5.0]","$y_2 \in [1.0,5.0]$"
Feynman5,FeynmanICh9Eq18,I.9.18,Newton's law of gravitation (gravitational potential energy),Physics,Classical Mechanics,Gravitational Force,m1,$m_1$,$m_1$: mass of body 1,"m_1 \in [1.0,2.0]","$m_1 \in [1.0,2.0]$"
Feynman5,FeynmanICh9Eq18,I.9.18,Newton's law of gravitation (gravitational potential energy),Physics,Classical Mechanics,Gravitational Force,m2,$m_2$,$m_2$: mass of body 2,"m_2 \in [1.0,2.0]","$m_2 \in [1.0,2.0]$"
Feynman5,FeynmanICh9Eq18,I.9.18,Newton's law of gravitation (gravitational potential energy),Physics,Classical Mechanics,Gravitational Force,G,$G$,$G$: gravitational constant,"G \in [1.0,2.0]","$G \in [1.0,2.0]$"
Feynman5,FeynmanICh9Eq18,I.9.18,Newton's law of gravitation (gravitational potential energy),Physics,Classical Mechanics,Gravitational Force,x1,$x_1$,$x_1$: x-coordinate of body 1,"x_1 \in [3.0,4.0]","$x_1 \in [3.0,4.0]$"
Feynman5,FeynmanICh9Eq18,I.9.18,Newton's law of gravitation (gravitational potential energy),Physics,Classical Mechanics,Gravitational Force,x2,$x_2$,$x_2$: x-coordinate of body 2,"x_2 \in [1.0,2.0]","$x_2 \in [1.0,2.0]$"
Feynman5,FeynmanICh9Eq18,I.9.18,Newton's law of gravitation (gravitational potential energy),Physics,Classical Mechanics,Gravitational Force,y1,$y_1$,$y_1$: y-coordinate of body 1,"y_1 \in [3.0,4.0]","$y_1 \in [3.0,4.0]$"
Feynman5,FeynmanICh9Eq18,I.9.18,Newton's law of gravitation (gravitational potential energy),Physics,Classical Mechanics,Gravitational Force,y2,$y_2$,$y_2$: y-coordinate of body 2,"y_2 \in [1.0,2.0]","$y_2 \in [1.0,2.0]$"
Feynman5,FeynmanICh9Eq18,I.9.18,Newton's law of gravitation (gravitational potential energy),Physics,Classical Mechanics,Gravitational Force,z1,$z_1$,$z_1$: z-coordinate of body 1,"z_1 \in [3.0,4.0]","$z_1 \in [3.0,4.0]$"
Feynman5,FeynmanICh9Eq18,I.9.18,Newton's law of gravitation (gravitational potential energy),Physics,Classical Mechanics,Gravitational Force,z2,$z_2$,$z_2$: z-coordinate of body 2,"z_2 \in [1.0,2.0]","$z_2 \in [1.0,2.0]$"
Feynman6,FeynmanICh10Eq7,I.10.7,Relativistic mass (special relativity),Physics,Relativity,Special Relativity,m0,$m_0$,$m_0$: rest mass,"m_0 \in [1.0,5.0]","$m_0 \in [1.0,5.0]$"
Feynman6,FeynmanICh10Eq7,I.10.7,Relativistic mass (special relativity),Physics,Relativity,Special Relativity,v,$v$,$v$: velocity,"v \in [1.0,2.0]","$v \in [1.0,2.0]$"
Feynman6,FeynmanICh10Eq7,I.10.7,Relativistic mass (special relativity),Physics,Relativity,Special Relativity,c,$c$,$c$: speed of light,"c \in [3.0,10.0]","$c \in [3.0,10.0]$"
Feynman7,FeynmanICh11Eq19,I.11.19,Dot product of two 3D vectors,Mathematics,Linear Algebra,Vector Operations,x1,$x_1$,$x_1$: 1st component of vector $\mathbf{x}$,"x_1 \in [1.0,5.0]","$x_1 \in [1.0,5.0]$"
Feynman7,FeynmanICh11Eq19,I.11.19,Dot product of two 3D vectors,Mathematics,Linear Algebra,Vector Operations,x2,$x_2$,$x_2$: 2nd component of vector $\mathbf{x}$,"x_2 \in [1.0,5.0]","$x_2 \in [1.0,5.0]$"
Feynman7,FeynmanICh11Eq19,I.11.19,Dot product of two 3D vectors,Mathematics,Linear Algebra,Vector Operations,x3,$x_3$,$x_3$: 3rd component of vector $\mathbf{x}$,"x_3 \in [1.0,5.0]","$x_3 \in [1.0,5.0]$"
Feynman7,FeynmanICh11Eq19,I.11.19,Dot product of two 3D vectors,Mathematics,Linear Algebra,Vector Operations,y1,$y_1$,$y_1$: 1st component of vector $\mathbf{y}$,"y_1 \in [1.0,5.0]","$y_1 \in [1.0,5.0]$"
Feynman7,FeynmanICh11Eq19,I.11.19,Dot product of two 3D vectors,Mathematics,Linear Algebra,Vector Operations,y2,$y_2$,$y_2$: 2nd component of vector $\mathbf{y}$,"y_2 \in [1.0,5.0]","$y_2 \in [1.0,5.0]$"
Feynman7,FeynmanICh11Eq19,I.11.19,Dot product of two 3D vectors,Mathematics,Linear Algebra,Vector Operations,y3,$y_3$,$y_3$: 3rd component of vector $\mathbf{y}$,"y_3 \in [1.0,5.0]","$y_3 \in [1.0,5.0]$"
Feynman8,FeynmanICh12Eq1,I.12.1,Total magnetic moment (dipole moment),Physics,Electromagnetism,Magnetic Dipole,Nn,$Nn$,$Nn$: number density,"Nn \in [1.0,5.0]","$Nn \in [1.0,5.0]$"
Feynman8,FeynmanICh12Eq1,I.12.1,Total magnetic moment (dipole moment),Physics,Electromagnetism,Magnetic Dipole,mu,$\mu$,$\mu$: magnetic moment,"\mu \in [1.0,5.0]","$\mu \in [1.0,5.0]$"
Feynman10,FeynmanICh12Eq2,I.12.2,Coulomb's law (electrostatic force),Physics,Electromagnetism,Electrostatics,q1,$q_1$,$q_1$: charge of particle 1,"q_1 \in [1.0,5.0]","$q_1 \in [1.0,5.0]$"
Feynman10,FeynmanICh12Eq2,I.12.2,Coulomb's law (electrostatic force),Physics,Electromagnetism,Electrostatics,q2,$q_2$,$q_2$: charge of particle 2,"q_2 \in [1.0,5.0]","$q_2 \in [1.0,5.0]$"
Feynman10,FeynmanICh12Eq2,I.12.2,Coulomb's law (electrostatic force),Physics,Electromagnetism,Electrostatics,epsilon,$\epsilon$,$\epsilon$: permittivity of medium,"\epsilon \in [1.0,5.0]","$\epsilon \in [1.0,5.0]$"
Feynman10,FeynmanICh12Eq2,I.12.2,Coulomb's law (electrostatic force),Physics,Electromagnetism,Electrostatics,r,$r$,$r$: distance between charges,"r \in [1.0,5.0]","$r \in [1.0,5.0]$"
Feynman11,FeynmanICh12Eq4,I.12.4,Electric field magnitude from point charge,Physics,Electromagnetism,Electric Field,q1,$q_1$,$q_1$: charge,"q_1 \in [1.0,5.0]","$q_1 \in [1.0,5.0]$"
Feynman11,FeynmanICh12Eq4,I.12.4,Electric field magnitude from point charge,Physics,Electromagnetism,Electric Field,epsilon,$\epsilon$,$\epsilon$: permittivity,"\epsilon \in [1.0,5.0]","$\epsilon \in [1.0,5.0]$"
Feynman11,FeynmanICh12Eq4,I.12.4,Electric field magnitude from point charge,Physics,Electromagnetism,Electric Field,r,$r$,$r$: distance,"r \in [1.0,5.0]","$r \in [1.0,5.0]$"
Feynman12,FeynmanICh12Eq5,I.12.5,Electric force on charge in field,Physics,Electromagnetism,Electric Force,Ef,$Ef$,$Ef$: electric field,"Ef \in [1.0,5.0]","$Ef \in [1.0,5.0]$"
Feynman12,FeynmanICh12Eq5,I.12.5,Electric force on charge in field,Physics,Electromagnetism,Electric Force,q2,$q_2$,$q_2$: charge,"q_2 \in [1.0,5.0]","$q_2 \in [1.0,5.0]$"
Feynman13,FeynmanICh12Eq11,I.12.11,Lorentz force (combined electric and magnetic),Physics,Electromagnetism,Lorentz Force,q,$q$,$q$: charge,"q \in [1.0,5.0]","$q \in [1.0,5.0]$"
Feynman13,FeynmanICh12Eq11,I.12.11,Lorentz force (combined electric and magnetic),Physics,Electromagnetism,Lorentz Force,Ef,$Ef$,$Ef$: electric field,"Ef \in [1.0,5.0]","$Ef \in [1.0,5.0]$"
Feynman13,FeynmanICh12Eq11,I.12.11,Lorentz force (combined electric and magnetic),Physics,Electromagnetism,Lorentz Force,B,$B$,$B$: magnetic field,"B \in [1.0,5.0]","$B \in [1.0,5.0]$"
Feynman13,FeynmanICh12Eq11,I.12.11,Lorentz force (combined electric and magnetic),Physics,Electromagnetism,Lorentz Force,v,$v$,$v$: velocity,"v \in [1.0,5.0]","$v \in [1.0,5.0]$"
Feynman13,FeynmanICh12Eq11,I.12.11,Lorentz force (combined electric and magnetic),Physics,Electromagnetism,Lorentz Force,theta,$\theta$,$\theta$: angle,"\theta \in [1.0,5.0]","$\theta \in [1.0,5.0]$"
Feynman9,FeynmanICh13Eq4,I.13.4,Kinetic energy in 3D,Physics,Classical Mechanics,Kinetic Energy,m,$m$,$m$: mass of particle,"m \in [1.0,5.0]","$m \in [1.0,5.0]$"
Feynman9,FeynmanICh13Eq4,I.13.4,Kinetic energy in 3D,Physics,Classical Mechanics,Kinetic Energy,u,$u$,$u$: velocity x-component,"u \in [1.0,5.0]","$u \in [1.0,5.0]$"
Feynman9,FeynmanICh13Eq4,I.13.4,Kinetic energy in 3D,Physics,Classical Mechanics,Kinetic Energy,v,$v$,$v$: velocity y-component,"v \in [1.0,5.0]","$v \in [1.0,5.0]$"
Feynman9,FeynmanICh13Eq4,I.13.4,Kinetic energy in 3D,Physics,Classical Mechanics,Kinetic Energy,w,$w$,$w$: velocity z-component,"w \in [1.0,5.0]","$w \in [1.0,5.0]$"
Feynman14,FeynmanICh13Eq12,I.13.12,Gravitational potential energy difference,Physics,Classical Mechanics,Gravitational Potential,G,$G$,$G$: gravitational constant,"G \in [1.0,5.0]","$G \in [1.0,5.0]$"
Feynman14,FeynmanICh13Eq12,I.13.12,Gravitational potential energy difference,Physics,Classical Mechanics,Gravitational Potential,m1,$m_1$,$m_1$: mass of body 1,"m_1 \in [1.0,5.0]","$m_1 \in [1.0,5.0]$"
Feynman14,FeynmanICh13Eq12,I.13.12,Gravitational potential energy difference,Physics,Classical Mechanics,Gravitational Potential,m2,$m_2$,$m_2$: mass of body 2,"m_2 \in [1.0,5.0]","$m_2 \in [1.0,5.0]$"
Feynman14,FeynmanICh13Eq12,I.13.12,Gravitational potential energy difference,Physics,Classical Mechanics,Gravitational Potential,r1,$r_1$,$r_1$: initial radial distance,"r_1 \in [1.0,5.0]","$r_1 \in [1.0,5.0]$"
Feynman14,FeynmanICh13Eq12,I.13.12,Gravitational potential energy difference,Physics,Classical Mechanics,Gravitational Potential,r2,$r_2$,$r_2$: final radial distance,"r_2 \in [1.0,5.0]","$r_2 \in [1.0,5.0]$"
Feynman15,FeynmanICh14Eq3,I.14.3,Gravitational potential energy,Physics,Classical Mechanics,Gravitational Potential,m,$m$,$m$: mass,"m \in [1.0,5.0]","$m \in [1.0,5.0]$"
Feynman15,FeynmanICh14Eq3,I.14.3,Gravitational potential energy,Physics,Classical Mechanics,Gravitational Potential,g,$g$,$g$: grav acceleration,"g \in [1.0,5.0]","$g \in [1.0,5.0]$"
Feynman15,FeynmanICh14Eq3,I.14.3,Gravitational potential energy,Physics,Classical Mechanics,Gravitational Potential,z,$z$,$z$: height,"z \in [1.0,5.0]","$z \in [1.0,5.0]$"
Feynman16,FeynmanICh14Eq4,I.14.4,Elastic potential energy (Hooke's law),Physics,Classical Mechanics,Elastic Energy,kspring,$k_{spring}$,$k_{spring}$: spring constant,k_{spring},$k_{spring}
Feynman16,FeynmanICh14Eq4,I.14.4,Elastic potential energy (Hooke's law),Physics,Classical Mechanics,Elastic Energy,x,$x$,$x$: displacement,"x \in [1.0,5.0]","$x \in [1.0,5.0]$"
Feynman17,FeynmanICh15Eq3x,I.15.3x,Lorentz transformation for position (special relativity),Physics,Relativity,Lorentz Transformation,x,$x$,$x$: position,"x \in [5.0,10.0]","$x \in [5.0,10.0]$"
Feynman17,FeynmanICh15Eq3x,I.15.3x,Lorentz transformation for position (special relativity),Physics,Relativity,Lorentz Transformation,t,$t$,$t$: time,"t \in [1.0,2.0]","$t \in [1.0,2.0]$"
Feynman17,FeynmanICh15Eq3x,I.15.3x,Lorentz transformation for position (special relativity),Physics,Relativity,Lorentz Transformation,u,$u$,$u$: relative velocity,"u \in [3.0,20.0]","$u \in [3.0,20.0]$"
Feynman17,FeynmanICh15Eq3x,I.15.3x,Lorentz transformation for position (special relativity),Physics,Relativity,Lorentz Transformation,c,$c$,$c$: speed of light,"c \in [1.0,2.0]","$c \in [1.0,2.0]$"
Feynman18,FeynmanICh15Eq3t,I.15.3t,Lorentz transformation for time (special relativity),Physics,Relativity,Lorentz Transformation,t,$t$,$t$: time,"t \in [1.0,5.0]","$t \in [1.0,5.0]$"
Feynman18,FeynmanICh15Eq3t,I.15.3t,Lorentz transformation for time (special relativity),Physics,Relativity,Lorentz Transformation,x,$x$,$x$: position,"x \in [3.0,10.0]","$x \in [3.0,10.0]$"
Feynman18,FeynmanICh15Eq3t,I.15.3t,Lorentz transformation for time (special relativity),Physics,Relativity,Lorentz Transformation,u,$u$,$u$: relative velocity,"u \in [1.0,2.0]","$u \in [1.0,2.0]$"
Feynman18,FeynmanICh15Eq3t,I.15.3t,Lorentz transformation for time (special relativity),Physics,Relativity,Lorentz Transformation,c,$c$,$c$: speed of light,"c \in [1.0,5.0]","$c \in [1.0,5.0]$"
Feynman19,FeynmanICh15Eq10,I.15.1,Relativistic momentum,Physics,Relativity,Special Relativity,m0,$m_0$,$m_0$: rest mass,"m_0 \in [1.0,5.0]","$m_0 \in [1.0,5.0]$"
Feynman19,FeynmanICh15Eq10,I.15.1,Relativistic momentum,Physics,Relativity,Special Relativity,v,$v$,$v$: velocity,"v \in [1.0,2.0]","$v \in [1.0,2.0]$"
Feynman19,FeynmanICh15Eq10,I.15.1,Relativistic momentum,Physics,Relativity,Special Relativity,c,$c$,$c$: speed of light,"c \in [3.0,10.0]","$c \in [3.0,10.0]$"
Feynman20,FeynmanICh16Eq6,I.16.6,Relativistic velocity addition,Physics,Relativity,Velocity Addition,u,$u$,$u$: velocity of object in frame S',"u \in [1.0,5.0]","$u \in [1.0,5.0]$"
Feynman20,FeynmanICh16Eq6,I.16.6,Relativistic velocity addition,Physics,Relativity,Velocity Addition,v,$v$,$v$: velocity of frame S' relative to S,"v \in [1.0,5.0]","$v \in [1.0,5.0]$"
Feynman20,FeynmanICh16Eq6,I.16.6,Relativistic velocity addition,Physics,Relativity,Velocity Addition,c,$c$,$c$: speed of light in vacuum,"c \in [1.0,5.0]","$c \in [1.0,5.0]$"
Feynman21,FeynmanICh18Eq4,I.18.4,Center of mass position,Physics,Classical Mechanics,Center of Mass,m1,$m_1$,$m_1$: mass of particle 1,"m_1 \in [1.0,5.0]","$m_1 \in [1.0,5.0]$"
Feynman21,FeynmanICh18Eq4,I.18.4,Center of mass position,Physics,Classical Mechanics,Center of Mass,m2,$m_2$,$m_2$: mass of particle 2,"m_2 \in [1.0,5.0]","$m_2 \in [1.0,5.0]$"
Feynman21,FeynmanICh18Eq4,I.18.4,Center of mass position,Physics,Classical Mechanics,Center of Mass,r1,$r_1$,$r_1$: position of particle 1,"r_1 \in [1.0,5.0]","$r_1 \in [1.0,5.0]$"
Feynman21,FeynmanICh18Eq4,I.18.4,Center of mass position,Physics,Classical Mechanics,Center of Mass,r2,$r_2$,$r_2$: position of particle 2,"r_2 \in [1.0,5.0]","$r_2 \in [1.0,5.0]$"
Feynman22,FeynmanICh18Eq12,I.18.12,Torque (moment of force),Physics,Classical Mechanics,Rotational Dynamics,F,$F$,$F$: force,"F \in [1.0,5.0]","$F \in [1.0,5.0]$"
Feynman22,FeynmanICh18Eq12,I.18.12,Torque (moment of force),Physics,Classical Mechanics,Rotational Dynamics,r,$r$,$r$: distance,"r \in [1.0,5.0]","$r \in [1.0,5.0]$"
Feynman22,FeynmanICh18Eq12,I.18.12,Torque (moment of force),Physics,Classical Mechanics,Rotational Dynamics,theta,$\theta$,$\theta$: angle,"\theta \in [0.0,5.0]","$\theta \in [0.0,5.0]$"
Feynman23,FeynmanICh18Eq16,I.18.16,Angular momentum,Physics,Classical Mechanics,Angular Momentum,m,$m$,$m$: mass,"m \in [1.0,5.0]","$m \in [1.0,5.0]$"
Feynman23,FeynmanICh18Eq16,I.18.16,Angular momentum,Physics,Classical Mechanics,Angular Momentum,r,$r$,$r$: distance,"r \in [1.0,5.0]","$r \in [1.0,5.0]$"
Feynman23,FeynmanICh18Eq16,I.18.16,Angular momentum,Physics,Classical Mechanics,Angular Momentum,v,$v$,$v$: velocity,"v \in [1.0,5.0]","$v \in [1.0,5.0]$"
Feynman23,FeynmanICh18Eq16,I.18.16,Angular momentum,Physics,Classical Mechanics,Angular Momentum,theta,$\theta$,$\theta$: angle,"\theta \in [1.0,5.0]","$\theta \in [1.0,5.0]$"
Feynman24,FeynmanICh24Eq6,I.24.6,Energy of forced harmonic oscillator,Physics,Classical Mechanics,Harmonic Oscillator,m,$m$,$m$: mass,"m \in [1.0,3.0]","$m \in [1.0,3.0]$"
Feynman24,FeynmanICh24Eq6,I.24.6,Energy of forced harmonic oscillator,Physics,Classical Mechanics,Harmonic Oscillator,omega,$\omega$,$\omega$: driving frequency,"\omega \in [1.0,3.0]","$\omega \in [1.0,3.0]$"
Feynman24,FeynmanICh24Eq6,I.24.6,Energy of forced harmonic oscillator,Physics,Classical Mechanics,Harmonic Oscillator,omega0,$\omega_0$,$\omega_0$: natural frequency,"\omega_0 \in [1.0,3.0]","$\omega_0 \in [1.0,3.0]$"
Feynman24,FeynmanICh24Eq6,I.24.6,Energy of forced harmonic oscillator,Physics,Classical Mechanics,Harmonic Oscillator,x,$x$,$x$: amplitude,"x \in [1.0,3.0]","$x \in [1.0,3.0]$"
Feynman25,FeynmanICh25Eq13,I.25.13,Voltage across capacitor,Physics,Electromagnetism,Capacitance,q,$q$,$q$: charge,"q \in [1.0,5.0]","$q \in [1.0,5.0]$"
Feynman25,FeynmanICh25Eq13,I.25.13,Voltage across capacitor,Physics,Electromagnetism,Capacitance,C,$C$,$C$: capacitance,"C \in [1.0,5.0]","$C \in [1.0,5.0]$"
Feynman26,FeynmanICh26Eq2,I.26.2,Snell's law (refraction angle),Physics,Optics,Refraction,n,$n$,$n$: refractive index,"n \in [0.0,1.0]","$n \in [0.0,1.0]$"
Feynman26,FeynmanICh26Eq2,I.26.2,Snell's law (refraction angle),Physics,Optics,Refraction,theta2,$\theta_2$,$\theta_2$: incident angle,"\theta_2 \in [1.0,5.0]","$\theta_2 \in [1.0,5.0]$"
Feynman27,FeynmanICh27Eq6,I.27.6,Thin lens equation (image distance),Physics,Optics,Geometric Optics,d1,$d_1$,$d_1$: object distance,"d_1 \in [1.0,5.0]","$d_1 \in [1.0,5.0]$"
Feynman27,FeynmanICh27Eq6,I.27.6,Thin lens equation (image distance),Physics,Optics,Geometric Optics,d2,$d_2$,$d_2$: focal length,"d_2 \in [1.0,5.0]","$d_2 \in [1.0,5.0]$"
Feynman27,FeynmanICh27Eq6,I.27.6,Thin lens equation (image distance),Physics,Optics,Geometric Optics,n,$n$,$n$: refractive index,"n \in [1.0,5.0]","$n \in [1.0,5.0]$"
Feynman28,FeynmanICh29Eq4,I.29.4,Wave number (k),Physics,Wave Mechanics,Wave Properties,omega,$\omega$,$\omega$: angular frequency,"\omega \in [1.0,10.0]","$\omega \in [1.0,10.0]$"
Feynman28,FeynmanICh29Eq4,I.29.4,Wave number (k),Physics,Wave Mechanics,Wave Properties,c,$c$,$c$: wave speed,"c \in [1.0,10.0]","$c \in [1.0,10.0]$"
Feynman29,FeynmanICh29Eq16,I.29.16,Law of cosines (distance in polar coords),Mathematics,Geometry,Trigonometry,x1,$x_1$,$x_1$: magnitude of vector 1,"x_1 \in [1.0,5.0]","$x_1 \in [1.0,5.0]$"
Feynman29,FeynmanICh29Eq16,I.29.16,Law of cosines (distance in polar coords),Mathematics,Geometry,Trigonometry,x2,$x_2$,$x_2$: magnitude of vector 2,"x_2 \in [1.0,5.0]","$x_2 \in [1.0,5.0]$"
Feynman29,FeynmanICh29Eq16,I.29.16,Law of cosines (distance in polar coords),Mathematics,Geometry,Trigonometry,theta1,$\theta_1$,$\theta_1$: polar angle of vector 1,"\theta_1 \in [1.0,5.0]","$\theta_1 \in [1.0,5.0]$"
Feynman29,FeynmanICh29Eq16,I.29.16,Law of cosines (distance in polar coords),Mathematics,Geometry,Trigonometry,theta2,$\theta_2$,$\theta_2$: polar angle of vector 2,"\theta_2 \in [1.0,5.0]","$\theta_2 \in [1.0,5.0]$"
Feynman30,FeynmanICh30Eq3,I.30.3,Multiple-slit diffraction intensity,Physics,Optics,Diffraction,Int0,$Int_0$,$Int_0$: max intensity,"Int_0 \in [1.0,5.0]","$Int_0 \in [1.0,5.0]$"
Feynman30,FeynmanICh30Eq3,I.30.3,Multiple-slit diffraction intensity,Physics,Optics,Diffraction,theta,$\theta$,$\theta$: angle,"\theta \in [1.0,5.0]","$\theta \in [1.0,5.0]$"
Feynman30,FeynmanICh30Eq3,I.30.3,Multiple-slit diffraction intensity,Physics,Optics,Diffraction,n,$n$,$n$: number of slits,"n \in [1.0,5.0]","$n \in [1.0,5.0]$"
Feynman31,FeynmanICh30Eq5,I.30.5,Diffraction grating angle,Physics,Optics,Diffraction,lambda,$\lambda$,$\lambda$: wavelength,"\lambda \in [1.0,2.0]","$\lambda \in [1.0,2.0]$"
Feynman31,FeynmanICh30Eq5,I.30.5,Diffraction grating angle,Physics,Optics,Diffraction,d,$d$,$d$: grating spacing,"d \in [2.0,5.0]","$d \in [2.0,5.0]$"
Feynman31,FeynmanICh30Eq5,I.30.5,Diffraction grating angle,Physics,Optics,Diffraction,n,$n$,$n$: order,"n \in [1.0,5.0]","$n \in [1.0,5.0]$"
Feynman32,FeynmanICh32Eq5,I.32.5,Abraham-Lorentz radiation power,Physics,Electromagnetism,Radiation,q,$q$,$q$: charge,"q \in [1.0,5.0]","$q \in [1.0,5.0]$"
Feynman32,FeynmanICh32Eq5,I.32.5,Abraham-Lorentz radiation power,Physics,Electromagnetism,Radiation,a,$a$,$a$: acceleration,"a \in [1.0,5.0]","$a \in [1.0,5.0]$"
Feynman32,FeynmanICh32Eq5,I.32.5,Abraham-Lorentz radiation power,Physics,Electromagnetism,Radiation,epsilon,$\epsilon$,$\epsilon$: permittivity,"\epsilon \in [1.0,5.0]","$\epsilon \in [1.0,5.0]$"
Feynman32,FeynmanICh32Eq5,I.32.5,Abraham-Lorentz radiation power,Physics,Electromagnetism,Radiation,c,$c$,$c$: speed of light,"c \in [1.0,5.0]","$c \in [1.0,5.0]$"
Feynman33,FeynmanICh32Eq17,I.32.17,Rayleigh scattering intensity,Physics,Optics,Light Scattering,Ef,$Ef$,$Ef$: electric field amplitude,"Ef \in [1.0,2.0]","$Ef \in [1.0,2.0]$"
Feynman33,FeynmanICh32Eq17,I.32.17,Rayleigh scattering intensity,Physics,Optics,Light Scattering,epsilon,$\epsilon$,$\epsilon$: permittivity of medium,"\epsilon \in [1.0,2.0]","$\epsilon \in [1.0,2.0]$"
Feynman33,FeynmanICh32Eq17,I.32.17,Rayleigh scattering intensity,Physics,Optics,Light Scattering,c,$c$,$c$: speed of light,"c \in [1.0,2.0]","$c \in [1.0,2.0]$"
Feynman33,FeynmanICh32Eq17,I.32.17,Rayleigh scattering intensity,Physics,Optics,Light Scattering,omega,$\omega$,$\omega$: incident light frequency,"\omega \in [1.0,2.0]","$\omega \in [1.0,2.0]$"
Feynman33,FeynmanICh32Eq17,I.32.17,Rayleigh scattering intensity,Physics,Optics,Light Scattering,omega0,$\omega_0$,$\omega_0$: resonance frequency,"\omega_0 \in [3.0,5.0]","$\omega_0 \in [3.0,5.0]$"
Feynman33,FeynmanICh32Eq17,I.32.17,Rayleigh scattering intensity,Physics,Optics,Light Scattering,r,$r$,$r$: particle radius,"r \in [1.0,2.0]","$r \in [1.0,2.0]$"
Feynman34,FeynmanICh34Eq8,I.34.8,Cyclotron frequency,Physics,Electromagnetism,Particle Dynamics,B,$B$,$B$: magnetic field strength,"B \in [1.0,5.0]","$B \in [1.0,5.0]$"
Feynman34,FeynmanICh34Eq8,I.34.8,Cyclotron frequency,Physics,Electromagnetism,Particle Dynamics,q,$q$,$q$: particle charge,"q \in [1.0,5.0]","$q \in [1.0,5.0]$"
Feynman34,FeynmanICh34Eq8,I.34.8,Cyclotron frequency,Physics,Electromagnetism,Particle Dynamics,v,$v$,$v$: particle velocity,"v \in [1.0,5.0]","$v \in [1.0,5.0]$"
Feynman34,FeynmanICh34Eq8,I.34.8,Cyclotron frequency,Physics,Electromagnetism,Particle Dynamics,p,$p$,$p$: particle momentum,"p \in [1.0,5.0]","$p \in [1.0,5.0]$"
Feynman35,FeynmanICh34Eq10,I.34.1,Doppler shift (approaching),Physics,Wave Mechanics,Doppler Effect,omega0,$\omega_0$,$\omega_0$: rest frequency,"\omega_0 \in [3.0,10.0]","$\omega_0 \in [3.0,10.0]$"
Feynman35,FeynmanICh34Eq10,I.34.1,Doppler shift (approaching),Physics,Wave Mechanics,Doppler Effect,v,$v$,$v$: velocity,"v \in [1.0,2.0]","$v \in [1.0,2.0]$"
Feynman35,FeynmanICh34Eq10,I.34.1,Doppler shift (approaching),Physics,Wave Mechanics,Doppler Effect,c,$c$,$c$: speed of light,"\omega_0 \in [1.0,5.0]","$\omega_0 \in [1.0,5.0]$"
Feynman36,FeynmanICh34Eq14,I.34.14,Relativistic Doppler shift,Physics,Relativity,Doppler Effect,omega0,$\omega_0$,$\omega_0$: rest frequency,"\omega_0 \in [3.0,10.0]","$\omega_0 \in [3.0,10.0]$"
Feynman36,FeynmanICh34Eq14,I.34.14,Relativistic Doppler shift,Physics,Relativity,Doppler Effect,v,$v$,$v$: velocity,"v \in [1.0,2.0]","$v \in [1.0,2.0]$"
Feynman36,FeynmanICh34Eq14,I.34.14,Relativistic Doppler shift,Physics,Relativity,Doppler Effect,c,$c$,$c$: speed of light,"\omega_0 \in [1.0,5.0]","$\omega_0 \in [1.0,5.0]$"
Feynman37,FeynmanICh34Eq27,I.34.27,Photon energy (quantum mechanics),Physics,Quantum Mechanics,Photon Energy,h,$h$,$h$: Planck's constant,"\omega \in [1.0,5.0]","$\omega \in [1.0,5.0]$"
Feynman37,FeynmanICh34Eq27,I.34.27,Photon energy (quantum mechanics),Physics,Quantum Mechanics,Photon Energy,omega,$\omega$,$\omega$: angular frequency,"\omega \in [1.0,5.0]","$\omega \in [1.0,5.0]$"
Feynman38,FeynmanICh37Eq4,I.37.4,Interference of two waves,Physics,Optics,Wave Interference,I1,$I_1$,$I_1$: intensity of wave 1,"I_1 \in [1.0,5.0]","$I_1 \in [1.0,5.0]$"
Feynman38,FeynmanICh37Eq4,I.37.4,Interference of two waves,Physics,Optics,Wave Interference,I2,$I_2$,$I_2$: intensity of wave 2,"I_2 \in [1.0,5.0]","$I_2 \in [1.0,5.0]$"
Feynman38,FeynmanICh37Eq4,I.37.4,Interference of two waves,Physics,Optics,Wave Interference,delta,$\delta$,$\delta$: phase difference between waves,"\delta \in [1.0,5.0]","$\delta \in [1.0,5.0]$"
Feynman39,FeynmanICh38Eq12,I.38.12,Bohr radius (atomic physics),Physics,Quantum Mechanics,Atomic Structure,h,$h$,$h$: Planck's constant,"h \in [1.0,5.0]","$h \in [1.0,5.0]$"
Feynman39,FeynmanICh38Eq12,I.38.12,Bohr radius (atomic physics),Physics,Quantum Mechanics,Atomic Structure,m,$m$,$m$: electron mass,"m \in [1.0,5.0]","$m \in [1.0,5.0]$"
Feynman39,FeynmanICh38Eq12,I.38.12,Bohr radius (atomic physics),Physics,Quantum Mechanics,Atomic Structure,q,$q$,$q$: electron charge,"q \in [1.0,5.0]","$q \in [1.0,5.0]$"
Feynman39,FeynmanICh38Eq12,I.38.12,Bohr radius (atomic physics),Physics,Quantum Mechanics,Atomic Structure,epsilon,$\epsilon$,$\epsilon$: permittivity of vacuum,"\epsilon \in [1.0,5.0]","$\epsilon \in [1.0,5.0]$"
Feynman40,FeynmanICh39Eq10,I.39.1,Internal energy of monatomic ideal gas,Physics,Thermodynamics,Ideal Gas,V,$V$,$V$: gas volume,"V \in [1.0,5.0]","$V \in [1.0,5.0]$"
Feynman40,FeynmanICh39Eq10,I.39.1,Internal energy of monatomic ideal gas,Physics,Thermodynamics,Ideal Gas,pr,$pr$,$pr$: gas pressure,"pr \in [1.0,5.0]","$pr \in [1.0,5.0]$"
Feynman41,FeynmanICh39Eq11,I.39.11,Internal energy of ideal gas,Physics,Thermodynamics,Ideal Gas,V,$V$,$V$: gas volume,"V \in [1.0,5.0]","$V \in [1.0,5.0]$"
Feynman41,FeynmanICh39Eq11,I.39.11,Internal energy of ideal gas,Physics,Thermodynamics,Ideal Gas,pr,$pr$,$pr$: gas pressure,"pr \in [1.0,5.0]","$pr \in [1.0,5.0]$"
Feynman41,FeynmanICh39Eq11,I.39.11,Internal energy of ideal gas,Physics,Thermodynamics,Ideal Gas,gamma,$\gamma$,$\gamma$: heat capacity ratio $C_p/C_v$,"\gamma \in [2.0,5.0]","$\gamma \in [2.0,5.0]$"
Feynman42,FeynmanICh39Eq22,I.39.22,Ideal gas law (pressure),Physics,Thermodynamics,Gas Laws,T,$T$,$T$: absolute temperature,"T \in [1.0,5.0]","$T \in [1.0,5.0]$"
Feynman42,FeynmanICh39Eq22,I.39.22,Ideal gas law (pressure),Physics,Thermodynamics,Gas Laws,kb,$kb$,$kb$: Boltzmann constant,"kb \in [1.0,5.0]","$kb \in [1.0,5.0]$"
Feynman42,FeynmanICh39Eq22,I.39.22,Ideal gas law (pressure),Physics,Thermodynamics,Gas Laws,n,$n$,$n$: number of molecules,"n \in [1.0,5.0]","$n \in [1.0,5.0]$"
Feynman42,FeynmanICh39Eq22,I.39.22,Ideal gas law (pressure),Physics,Thermodynamics,Gas Laws,V,$V$,$V$: gas volume,"V \in [1.0,5.0]","$V \in [1.0,5.0]$"
Feynman43,FeynmanICh40Eq1,I.40.1,Barometric formula (atmospheric pressure),Physics,Fluid Dynamics,Atmospheric Physics,n0,$n_0$,$n_0$: reference density,"n_0 \in [1.0,5.0]","$n_0 \in [1.0,5.0]$"
Feynman43,FeynmanICh40Eq1,I.40.1,Barometric formula (atmospheric pressure),Physics,Fluid Dynamics,Atmospheric Physics,m,$m$,$m$: molecular mass,"m \in [1.0,5.0]","$m \in [1.0,5.0]$"
Feynman43,FeynmanICh40Eq1,I.40.1,Barometric formula (atmospheric pressure),Physics,Fluid Dynamics,Atmospheric Physics,x,$x$,$x$: height,"x \in [1.0,5.0]","$x \in [1.0,5.0]$"
Feynman43,FeynmanICh40Eq1,I.40.1,Barometric formula (atmospheric pressure),Physics,Fluid Dynamics,Atmospheric Physics,T,$T$,$T$: temperature,"T \in [1.0,5.0]","$T \in [1.0,5.0]$"
Feynman43,FeynmanICh40Eq1,I.40.1,Barometric formula (atmospheric pressure),Physics,Fluid Dynamics,Atmospheric Physics,g,$g$,$g$: gravity,"g \in [1.0,5.0]","$g \in [1.0,5.0]$"
Feynman43,FeynmanICh40Eq1,I.40.1,Barometric formula (atmospheric pressure),Physics,Fluid Dynamics,Atmospheric Physics,kb,$kb$,$kb$: Boltzmann constant,"kb \in [1.0,5.0]","$kb \in [1.0,5.0]$"
Feynman44,FeynmanICh41Eq16,I.41.16,Planck's law (blackbody radiation),Physics,Quantum Mechanics,Blackbody Radiation,h,$h$,$h$: Planck's constant,"h \in [1.0,5.0]","$h \in [1.0,5.0]$"
Feynman44,FeynmanICh41Eq16,I.41.16,Planck's law (blackbody radiation),Physics,Quantum Mechanics,Blackbody Radiation,omega,$\omega$,$\omega$: angular frequency of radiation,"\omega \in [1.0,5.0]","$\omega \in [1.0,5.0]$"
Feynman44,FeynmanICh41Eq16,I.41.16,Planck's law (blackbody radiation),Physics,Quantum Mechanics,Blackbody Radiation,T,$T$,$T$: absolute temperature,"T \in [1.0,5.0]","$T \in [1.0,5.0]$"
Feynman44,FeynmanICh41Eq16,I.41.16,Planck's law (blackbody radiation),Physics,Quantum Mechanics,Blackbody Radiation,kb,$kb$,$kb$: Boltzmann constant,"kb \in [1.0,5.0]","$kb \in [1.0,5.0]$"
Feynman44,FeynmanICh41Eq16,I.41.16,Planck's law (blackbody radiation),Physics,Quantum Mechanics,Blackbody Radiation,c,$c$,$c$: speed of light,"c \in [1.0,5.0]","$c \in [1.0,5.0]$"
Feynman45,FeynmanICh43Eq16,I.43.16,Drift current,Physics,Solid State Physics,Charge Transport,mudrift,$\mu_{drift}$,$\mu_{drift}$: drift mobility,"\mu_{drift} \in [1.0,5.0]","$\mu_{drift} \in [1.0,5.0]$"
Feynman45,FeynmanICh43Eq16,I.43.16,Drift current,Physics,Solid State Physics,Charge Transport,q,$q$,$q$: charge,"q \in [1.0,5.0]","$q \in [1.0,5.0]$"
Feynman45,FeynmanICh43Eq16,I.43.16,Drift current,Physics,Solid State Physics,Charge Transport,Volt,$Volt$,$Volt$: voltage,"Volt \in [1.0,5.0]","$Volt \in [1.0,5.0]$"
Feynman45,FeynmanICh43Eq16,I.43.16,Drift current,Physics,Solid State Physics,Charge Transport,d,$d$,$d$: distance,"d \in [1.0,5.0]","$d \in [1.0,5.0]$"
Feynman46,FeynmanICh43Eq31,I.43.31,Einstein relation (diffusion coefficient),Physics,Statistical Mechanics,Transport Phenomena,T,$T$,$T$: absolute temperature,"T \in [1.0,5.0]","$T \in [1.0,5.0]$"
Feynman46,FeynmanICh43Eq31,I.43.31,Einstein relation (diffusion coefficient),Physics,Statistical Mechanics,Transport Phenomena,kb,$kb$,$kb$: Boltzmann constant,"kb \in [1.0,5.0]","$kb \in [1.0,5.0]$"
Feynman46,FeynmanICh43Eq31,I.43.31,Einstein relation (diffusion coefficient),Physics,Statistical Mechanics,Transport Phenomena,mob,$mob$,$mob$: carrier mobility,"mob \in [1.0,5.0]","$mob \in [1.0,5.0]$"
Feynman47,FeynmanICh43Eq43,I.43.43,Mean free path in gas,Physics,Statistical Mechanics,Kinetic Theory,kb,$kb$,$kb$: Boltzmann constant,"kb \in [1.0,5.0]","$kb \in [1.0,5.0]$"
Feynman47,FeynmanICh43Eq43,I.43.43,Mean free path in gas,Physics,Statistical Mechanics,Kinetic Theory,v,$v$,$v$: mean molecular velocity,"v \in [1.0,5.0]","$v \in [1.0,5.0]$"
Feynman47,FeynmanICh43Eq43,I.43.43,Mean free path in gas,Physics,Statistical Mechanics,Kinetic Theory,A,$A$,$A$: molecular cross-section,"A \in [1.0,5.0]","$A \in [1.0,5.0]$"
Feynman47,FeynmanICh43Eq43,I.43.43,Mean free path in gas,Physics,Statistical Mechanics,Kinetic Theory,gamma,$\gamma$,$\gamma$: heat capacity ratio,"\gamma \in [2.0,5.0]","$\gamma \in [2.0,5.0]$"
Feynman48,FeynmanICh44Eq4,I.44.4,Entropy change in isothermal expansion,Physics,Thermodynamics,Entropy,T,$T$,$T$: absolute temperature,"T \in [1.0,5.0]","$T \in [1.0,5.0]$"
Feynman48,FeynmanICh44Eq4,I.44.4,Entropy change in isothermal expansion,Physics,Thermodynamics,Entropy,kb,$kb$,$kb$: Boltzmann constant,"kb \in [1.0,5.0]","$kb \in [1.0,5.0]$"
Feynman48,FeynmanICh44Eq4,I.44.4,Entropy change in isothermal expansion,Physics,Thermodynamics,Entropy,n,$n$,$n$: number of particles,"n \in [1.0,5.0]","$n \in [1.0,5.0]$"
Feynman48,FeynmanICh44Eq4,I.44.4,Entropy change in isothermal expansion,Physics,Thermodynamics,Entropy,V1,$V_1$,$V_1$: initial volume,"V_1 \in [1.0,5.0]","$V_1 \in [1.0,5.0]$"
Feynman48,FeynmanICh44Eq4,I.44.4,Entropy change in isothermal expansion,Physics,Thermodynamics,Entropy,V2,$V_2$,$V_2$: final volume,"V_2 \in [1.0,5.0]","$V_2 \in [1.0,5.0]$"
Feynman49,FeynmanICh47Eq23,I.47.23,Speed of sound in gas,Physics,Fluid Dynamics,Acoustics,gamma,$\gamma$,$\gamma$: heat capacity ratio,"\gamma \in [1.0,5.0]","$\gamma \in [1.0,5.0]$"
Feynman49,FeynmanICh47Eq23,I.47.23,Speed of sound in gas,Physics,Fluid Dynamics,Acoustics,pr,$pr$,$pr$: pressure,"pr \in [1.0,5.0]","$pr \in [1.0,5.0]$"
Feynman49,FeynmanICh47Eq23,I.47.23,Speed of sound in gas,Physics,Fluid Dynamics,Acoustics,rho,$\rho$,$\rho$: density,"\rho \in [1.0,5.0]","$\rho \in [1.0,5.0]$"
Feynman50,FeynmanICh48Eq2,I.48.2,Relativistic energy (E=mc²/y),Physics,Relativity,Mass-Energy Equivalence,m,$m$,$m$: rest mass,"m \in [1.0,5.0]","$m \in [1.0,5.0]$"
Feynman50,FeynmanICh48Eq2,I.48.2,Relativistic energy (E=mc²/y),Physics,Relativity,Mass-Energy Equivalence,v,$v$,$v$: velocity,"v \in [1.0,2.0]","$v \in [1.0,2.0]$"
Feynman50,FeynmanICh48Eq2,I.48.2,Relativistic energy (E=mc²/y),Physics,Relativity,Mass-Energy Equivalence,c,$c$,$c$: speed of light,"c \in [3.0,10.0]","$c \in [3.0,10.0]$"
Feynman51,FeynmanICh50Eq26,I.50.26,Nonlinear oscillation,Physics,Classical Mechanics,Nonlinear Dynamics,x1,$x_1$,$x_1$: amplitude,"x_1 \in [1.0,3.0]","$x_1 \in [1.0,3.0]$"
Feynman51,FeynmanICh50Eq26,I.50.26,Nonlinear oscillation,Physics,Classical Mechanics,Nonlinear Dynamics,omega,$\omega$,$\omega$: frequency,"\omega \in [1.0,3.0]","$\omega \in [1.0,3.0]$"
Feynman51,FeynmanICh50Eq26,I.50.26,Nonlinear oscillation,Physics,Classical Mechanics,Nonlinear Dynamics,t,$t$,$t$: time,"t \in [1.0,3.0]","$t \in [1.0,3.0]$"
Feynman51,FeynmanICh50Eq26,I.50.26,Nonlinear oscillation,Physics,Classical Mechanics,Nonlinear Dynamics,alpha,$\alpha$,$\alpha$: nonlinearity param,"\alpha \in [1.0,3.0]","$\alpha \in [1.0,3.0]$"
Feynman52,FeynmanIICh2Eq42,II.2.42,Heat flow (Fourier's law),Physics,Thermodynamics,Heat Transfer,kappa,$\kappa$,$\kappa$: thermal conductivity,"\kappa \in [1.0,5.0]","$\kappa \in [1.0,5.0]$"
Feynman52,FeynmanIICh2Eq42,II.2.42,Heat flow (Fourier's law),Physics,Thermodynamics,Heat Transfer,T1,$T_1$,$T_1$: temperature at cold side,"T_1 \in [1.0,5.0]","$T_1 \in [1.0,5.0]$"
Feynman52,FeynmanIICh2Eq42,II.2.42,Heat flow (Fourier's law),Physics,Thermodynamics,Heat Transfer,T2,$T_2$,$T_2$: temperature at hot side,"T_2 \in [1.0,5.0]","$T_2 \in [1.0,5.0]$"
Feynman52,FeynmanIICh2Eq42,II.2.42,Heat flow (Fourier's law),Physics,Thermodynamics,Heat Transfer,A,$A$,$A$: cross-sectional area,"A \in [1.0,5.0]","$A \in [1.0,5.0]$"
Feynman52,FeynmanIICh2Eq42,II.2.42,Heat flow (Fourier's law),Physics,Thermodynamics,Heat Transfer,d,$d$,$d$: material thickness,"d \in [1.0,5.0]","$d \in [1.0,5.0]$"
Feynman53,FeynmanIICh3Eq24,II.3.24,Intensity from point source (inverse square law),Physics,Wave Mechanics,Intensity,Pwr,$Pwr$,$Pwr$: total power,"Pwr \in [1.0,5.0]","$Pwr \in [1.0,5.0]$"
Feynman53,FeynmanIICh3Eq24,II.3.24,Intensity from point source (inverse square law),Physics,Wave Mechanics,Intensity,r,$r$,$r$: distance,"r \in [1.0,5.0]","$r \in [1.0,5.0]$"
Feynman54,FeynmanIICh4Eq23,II.4.23,Electric potential from point charge,Physics,Electromagnetism,Electric Potential,q,$q$,$q$: charge,"q \in [1.0,5.0]","$q \in [1.0,5.0]$"
Feynman54,FeynmanIICh4Eq23,II.4.23,Electric potential from point charge,Physics,Electromagnetism,Electric Potential,epsilon,$\epsilon$,$\epsilon$: permittivity,"\epsilon \in [1.0,5.0]","$\epsilon \in [1.0,5.0]$"
Feynman54,FeynmanIICh4Eq23,II.4.23,Electric potential from point charge,Physics,Electromagnetism,Electric Potential,r,$r$,$r$: distance,"r \in [1.0,5.0]","$r \in [1.0,5.0]$"
Feynman55,FeynmanIICh6Eq11,II.6.11,Electric potential from dipole,Physics,Electromagnetism,Dipole Field,pd,$p_d$,$p_d$: electric dipole moment,"p_d \in [1.0,3.0]","$p_d \in [1.0,3.0]$"
Feynman55,FeynmanIICh6Eq11,II.6.11,Electric potential from dipole,Physics,Electromagnetism,Dipole Field,epsilon,$\epsilon$,$\epsilon$: permittivity of medium,"\epsilon \in [1.0,3.0]","$\epsilon \in [1.0,3.0]$"
Feynman55,FeynmanIICh6Eq11,II.6.11,Electric potential from dipole,Physics,Electromagnetism,Dipole Field,r,$r$,$r$: distance from dipole,"r \in [1.0,3.0]","$r \in [1.0,3.0]$"
Feynman55,FeynmanIICh6Eq11,II.6.11,Electric potential from dipole,Physics,Electromagnetism,Dipole Field,theta,$\theta$,$\theta$: angle from dipole axis,"\theta \in [1.0,3.0]","$\theta \in [1.0,3.0]$"
Feynman56,FeynmanIICh6Eq15a,II.6.15a,Electric field component from dipole (cylindrical coords),Physics,Electromagnetism,Dipole Field,pd,$p_d$,$p_d$: electric dipole moment,"p_d \in [1.0,3.0]","$p_d \in [1.0,3.0]$"
Feynman56,FeynmanIICh6Eq15a,II.6.15a,Electric field component from dipole (cylindrical coords),Physics,Electromagnetism,Dipole Field,epsilon,$\epsilon$,$\epsilon$: permittivity of medium,"\epsilon \in [1.0,3.0]","$\epsilon \in [1.0,3.0]$"
Feynman56,FeynmanIICh6Eq15a,II.6.15a,Electric field component from dipole (cylindrical coords),Physics,Electromagnetism,Dipole Field,x,$x$,$x$: Cartesian x-coordinate,"x \in [1.0,3.0]","$x \in [1.0,3.0]$"
Feynman56,FeynmanIICh6Eq15a,II.6.15a,Electric field component from dipole (cylindrical coords),Physics,Electromagnetism,Dipole Field,y,$y$,$y$: Cartesian y-coordinate,"y \in [1.0,3.0]","$y \in [1.0,3.0]$"
Feynman56,FeynmanIICh6Eq15a,II.6.15a,Electric field component from dipole (cylindrical coords),Physics,Electromagnetism,Dipole Field,z,$z$,$z$: Cartesian z-coordinate,"z \in [1.0,3.0]","$z \in [1.0,3.0]$"
Feynman56,FeynmanIICh6Eq15a,II.6.15a,Electric field component from dipole (cylindrical coords),Physics,Electromagnetism,Dipole Field,r,$r$,$r$: radial distance from dipole,"r \in [1.0,3.0]","$r \in [1.0,3.0]$"
Feynman57,FeynmanIICh6Eq15b,II.6.15b,Electric field from dipole (spherical coords),Physics,Electromagnetism,Dipole Field,pd,$p_d$,$p_d$: electric dipole moment,"p_d \in [1.0,3.0]","$p_d \in [1.0,3.0]$"
Feynman57,FeynmanIICh6Eq15b,II.6.15b,Electric field from dipole (spherical coords),Physics,Electromagnetism,Dipole Field,epsilon,$\epsilon$,$\epsilon$: permittivity of medium,"\epsilon \in [1.0,3.0]","$\epsilon \in [1.0,3.0]$"
Feynman57,FeynmanIICh6Eq15b,II.6.15b,Electric field from dipole (spherical coords),Physics,Electromagnetism,Dipole Field,r,$r$,$r$: radial distance from dipole,"r \in [1.0,3.0]","$r \in [1.0,3.0]$"
Feynman57,FeynmanIICh6Eq15b,II.6.15b,Electric field from dipole (spherical coords),Physics,Electromagnetism,Dipole Field,theta,$\theta$,$\theta$: polar angle from dipole axis,"\theta \in [1.0,3.0]","$\theta \in [1.0,3.0]$"
Feynman58,FeynmanIICh8Eq7,II.8.7,Capacitance of spherical conductor,Physics,Electromagnetism,Capacitance,q,$q$,$q$: charge,"q \in [1.0,5.0]","$q \in [1.0,5.0]$"
Feynman58,FeynmanIICh8Eq7,II.8.7,Capacitance of spherical conductor,Physics,Electromagnetism,Capacitance,epsilon,$\epsilon$,$\epsilon$: permittivity,"\epsilon \in [1.0,5.0]","$\epsilon \in [1.0,5.0]$"
Feynman58,FeynmanIICh8Eq7,II.8.7,Capacitance of spherical conductor,Physics,Electromagnetism,Capacitance,d,$d$,$d$: radius,"d \in [1.0,5.0]","$d \in [1.0,5.0]$"
Feynman59,FeynmanIICh8Eq31,II.8.31,Electric field energy density,Physics,Electromagnetism,Energy Density,Ef,$Ef$,$Ef$: electric field magnitude,"Ef \in [1.0,5.0]","$Ef \in [1.0,5.0]$"
Feynman59,FeynmanIICh8Eq31,II.8.31,Electric field energy density,Physics,Electromagnetism,Energy Density,epsilon,$\epsilon$,$\epsilon$: permittivity of medium,"\epsilon \in [1.0,5.0]","$\epsilon \in [1.0,5.0]$"
Feynman60,FeynmanIICh10Eq9,II.10.9,Electric field in dielectric,Physics,Electromagnetism,Dielectric Materials,sigmaden,$\sigma_{den}$,$\sigma_{den}$: charge density,"\sigma_{den}\in [1.0,5.0]","$\sigma_{den}\in [1.0,5.0]$"
Feynman60,FeynmanIICh10Eq9,II.10.9,Electric field in dielectric,Physics,Electromagnetism,Dielectric Materials,epsilon,$\epsilon$,$\epsilon$: permittivity,"\epsilon \in [1.0,5.0]","$\epsilon \in [1.0,5.0]$"
Feynman60,FeynmanIICh10Eq9,II.10.9,Electric field in dielectric,Physics,Electromagnetism,Dielectric Materials,chi,$\chi$,$\chi$: susceptibility,"\chi \in [1.0,5.0]","$\chi \in [1.0,5.0]$"
Feynman61,FeynmanIICh11Eq3,II.11.3,Driven harmonic oscillator amplitude,Physics,Classical Mechanics,Forced Oscillation,Ef,$Ef$,$Ef$: driving electric field,"Ef \in [1.0,3.0]","$Ef \in [1.0,3.0]$"
Feynman61,FeynmanIICh11Eq3,II.11.3,Driven harmonic oscillator amplitude,Physics,Classical Mechanics,Forced Oscillation,q,$q$,$q$: particle charge,"q \in [1.0,3.0]","$q \in [1.0,3.0]$"
Feynman61,FeynmanIICh11Eq3,II.11.3,Driven harmonic oscillator amplitude,Physics,Classical Mechanics,Forced Oscillation,m,$m$,$m$: particle mass,"m \in [1.0,3.0]","$m \in [1.0,3.0]$"
Feynman61,FeynmanIICh11Eq3,II.11.3,Driven harmonic oscillator amplitude,Physics,Classical Mechanics,Forced Oscillation,omega0,$\omega_0$,$\omega_0$: natural frequency,"\omega_0 \in [3.0,5.0]","$\omega_0 \in [3.0,5.0]$"
Feynman61,FeynmanIICh11Eq3,II.11.3,Driven harmonic oscillator amplitude,Physics,Classical Mechanics,Forced Oscillation,omega,$\omega$,$\omega$: driving frequency,"\omega \in [1.0,2.0]","$\omega \in [1.0,2.0]$"
Feynman62,FeynmanIICh11Eq17,II.11.17,Polarization density (Langevin function approximation),Physics,Electromagnetism,Polarization,n0,$n_0$,$n_0$: reference number density,"n_0 \in [1.0,3.0]","$n_0 \in [1.0,3.0]$"
Feynman62,FeynmanIICh11Eq17,II.11.17,Polarization density (Langevin function approximation),Physics,Electromagnetism,Polarization,Ef,$Ef$,$Ef$: applied electric field,"Ef \in [1.0,3.0]","$Ef \in [1.0,3.0]$"
Feynman62,FeynmanIICh11Eq17,II.11.17,Polarization density (Langevin function approximation),Physics,Electromagnetism,Polarization,pd,$p_d$,$p_d$: molecular dipole moment,"p_d \in [1.0,3.0]","$p_d \in [1.0,3.0]$"
Feynman62,FeynmanIICh11Eq17,II.11.17,Polarization density (Langevin function approximation),Physics,Electromagnetism,Polarization,T,$T$,$T$: absolute temperature,"T \in [1.0,3.0]","$T \in [1.0,3.0]$"
Feynman62,FeynmanIICh11Eq17,II.11.17,Polarization density (Langevin function approximation),Physics,Electromagnetism,Polarization,kb,$kb$,$kb$: Boltzmann constant,"kb \in [1.0,3.0]","$kb \in [1.0,3.0]$"
Feynman62,FeynmanIICh11Eq17,II.11.17,Polarization density (Langevin function approximation),Physics,Electromagnetism,Polarization,theta,$\theta$,$\theta$: angle between field and dipole,"\theta \in [1.0,3.0]","$\theta \in [1.0,3.0]$"
Feynman63,FeynmanIICh11Eq20,II.11.20,Polarization (electric susceptibility),Physics,Electromagnetism,Polarization,Ef,$Ef$,$Ef$: applied electric field,"Ef \in [1.0,5.0]","$Ef \in [1.0,5.0]$"
Feynman63,FeynmanIICh11Eq20,II.11.20,Polarization (electric susceptibility),Physics,Electromagnetism,Polarization,nrho,$n_{\rho}$,$n_{\rho}$: molecular number density,"n_{\rho} \in [1.0,5.0]","$n_{\rho} \in [1.0,5.0]$"
Feynman63,FeynmanIICh11Eq20,II.11.20,Polarization (electric susceptibility),Physics,Electromagnetism,Polarization,pd,$p_d$,$p_d$: molecular dipole moment,"p_d \in [1.0,5.0]","$p_d \in [1.0,5.0]$"
Feynman63,FeynmanIICh11Eq20,II.11.20,Polarization (electric susceptibility),Physics,Electromagnetism,Polarization,T,$T$,$T$: absolute temperature,"T \in [1.0,5.0]","$T \in [1.0,5.0]$"
Feynman63,FeynmanIICh11Eq20,II.11.20,Polarization (electric susceptibility),Physics,Electromagnetism,Polarization,kb,$kb$,$kb$: Boltzmann constant,"kb \in [1.0,5.0]","$kb \in [1.0,5.0]$"
Feynman64,FeynmanIICh11Eq27,II.11.27,Clausius-Mossotti relation (polarization),Physics,Electromagnetism,Dielectric Materials,Ef,$Ef$,$Ef$: applied electric field,"Ef \in [1.0,2.0]","$Ef \in [1.0,2.0]$"
Feynman64,FeynmanIICh11Eq27,II.11.27,Clausius-Mossotti relation (polarization),Physics,Electromagnetism,Dielectric Materials,n,$n$,$n$: molecular number density,"n \in [0.0,1.0]","$n \in [0.0,1.0]$"
Feynman64,FeynmanIICh11Eq27,II.11.27,Clausius-Mossotti relation (polarization),Physics,Electromagnetism,Dielectric Materials,alpha,$\alpha$,$\alpha$: molecular polarizability,"\alpha \in [0.0,1.0]","$\alpha \in [0.0,1.0]$"
Feynman64,FeynmanIICh11Eq27,II.11.27,Clausius-Mossotti relation (polarization),Physics,Electromagnetism,Dielectric Materials,epsilon,$\epsilon$,$\epsilon$: permittivity of vacuum,"\epsilon \in [1.0,2.0]","$\epsilon \in [1.0,2.0]$"
Feynman65,FeynmanIICh11Eq28,II.11.28,Dielectric constant from polarizability,Physics,Electromagnetism,Dielectric Materials,alpha,$\alpha$,$\alpha$: molecular polarizability,"\alpha \in [0.0,1.0]","$\alpha \in [0.0,1.0]$"
Feynman65,FeynmanIICh11Eq28,II.11.28,Dielectric constant from polarizability,Physics,Electromagnetism,Dielectric Materials,n,$n$,$n$: molecular number density,"n \in [0.0,1.0]","$n \in [0.0,1.0]$"
Feynman66,FeynmanIICh13Eq17,II.13.17,Magnetic field from current (Biot-Savart),Physics,Electromagnetism,Magnetic Field,I,$I$,$I$: electric current,"I \in [1.0,5.0]","$I \in [1.0,5.0]$"
Feynman66,FeynmanIICh13Eq17,II.13.17,Magnetic field from current (Biot-Savart),Physics,Electromagnetism,Magnetic Field,c,$c$,$c$: speed of light,"c \in [1.0,5.0]","$c \in [1.0,5.0]$"
Feynman66,FeynmanIICh13Eq17,II.13.17,Magnetic field from current (Biot-Savart),Physics,Electromagnetism,Magnetic Field,epsilon,$\epsilon$,$\epsilon$: permittivity of vacuum,"\epsilon \in [1.0,5.0]","$\epsilon \in [1.0,5.0]$"
Feynman66,FeynmanIICh13Eq17,II.13.17,Magnetic field from current (Biot-Savart),Physics,Electromagnetism,Magnetic Field,r,$r$,$r$: distance from wire,"r \in [1.0,5.0]","$r \in [1.0,5.0]$"
Feynman67,FeynmanIICh13Eq23,II.13.23,Relativistic charge density,Physics,Relativity,Charge Density,rhoc0,$\rho_{c_0}$,$\rho_{c_0}$: rest charge density,"\rho_{c_0} \in [1.0,5.0]","$\rho_{c_0} \in [1.0,5.0]$"
Feynman67,FeynmanIICh13Eq23,II.13.23,Relativistic charge density,Physics,Relativity,Charge Density,v,$v$,$v$: velocity,"v \in [1.0,2.0]","$v \in [1.0,2.0]$"
Feynman67,FeynmanIICh13Eq23,II.13.23,Relativistic charge density,Physics,Relativity,Charge Density,c,$c$,$c$: speed of light,"c \in [3.0,10.0]","$c \in [3.0,10.0]$"
Feynman68,FeynmanIICh13Eq34,II.13.34,Relativistic current density,Physics,Relativity,Current Density,rhoc0,$\rho_{c_0}$,$\rho_{c_0}$: rest charge density,"\rho_{c_0} \in [1.0,5.0]","$\rho_{c_0} \in [1.0,5.0]$"
Feynman68,FeynmanIICh13Eq34,II.13.34,Relativistic current density,Physics,Relativity,Current Density,v,$v$,$v$: velocity,"v \in [1.0,2.0]","$v \in [1.0,2.0]$"
Feynman68,FeynmanIICh13Eq34,II.13.34,Relativistic current density,Physics,Relativity,Current Density,c,$c$,$c$: speed of light,"c \in [3.0,10.0]","$c \in [3.0,10.0]$"
Feynman69,FeynmanIICh15Eq4,II.15.4,Magnetic dipole potential energy,Physics,Electromagnetism,Magnetic Dipole,B,$B$,$B$: magnetic field strength,"B \in [1.0,5.0]","$B \in [1.0,5.0]$"
Feynman69,FeynmanIICh15Eq4,II.15.4,Magnetic dipole potential energy,Physics,Electromagnetism,Magnetic Dipole,mom,$mom$,$mom$: magnetic dipole moment,"mom \in [1.0,5.0]","$mom \in [1.0,5.0]$"
Feynman69,FeynmanIICh15Eq4,II.15.4,Magnetic dipole potential energy,Physics,Electromagnetism,Magnetic Dipole,theta,$\theta$,$\theta$: angle between field and moment,"\theta \in [1.0,5.0]","$\theta \in [1.0,5.0]$"
Feynman70,FeynmanIICh15Eq5,II.15.5,Electric dipole potential energy,Physics,Electromagnetism,Electric Dipole,Ef,$Ef$,$Ef$: electric field strength,"Ef \in [1.0,5.0]","$Ef \in [1.0,5.0]$"
Feynman70,FeynmanIICh15Eq5,II.15.5,Electric dipole potential energy,Physics,Electromagnetism,Electric Dipole,pd,$p_d$,$p_d$: electric dipole moment,"p_d \in [1.0,5.0]","$p_d \in [1.0,5.0]$"
Feynman70,FeynmanIICh15Eq5,II.15.5,Electric dipole potential energy,Physics,Electromagnetism,Electric Dipole,theta,$\theta$,$\theta$: angle between field and dipole,"\theta \in [1.0,5.0]","$\theta \in [1.0,5.0]$"
Feynman71,FeynmanIICh21Eq32,II.21.32,Liénard-Wiechert potential (moving charge),Physics,Electromagnetism,Retarded Potential,q,$q$,$q$: charge,"q \in [1.0,5.0]","$q \in [1.0,5.0]$"
Feynman71,FeynmanIICh21Eq32,II.21.32,Liénard-Wiechert potential (moving charge),Physics,Electromagnetism,Retarded Potential,epsilon,$\epsilon$,$\epsilon$: permittivity,"\epsilon \in [1.0,5.0]","$\epsilon \in [1.0,5.0]$"
Feynman71,FeynmanIICh21Eq32,II.21.32,Liénard-Wiechert potential (moving charge),Physics,Electromagnetism,Retarded Potential,r,$r$,$r$: distance,"r \in [1.0,5.0]","$r \in [1.0,5.0]$"
Feynman71,FeynmanIICh21Eq32,II.21.32,Liénard-Wiechert potential (moving charge),Physics,Electromagnetism,Retarded Potential,v,$v$,$v$: velocity,"v \in [1.0,2.0]","$v \in [1.0,2.0]$"
Feynman71,FeynmanIICh21Eq32,II.21.32,Liénard-Wiechert potential (moving charge),Physics,Electromagnetism,Retarded Potential,c,$c$,$c$: speed of light,"c \in [3.0,10.0]","$c \in [3.0,10.0]$"
Feynman72,FeynmanIICh24Eq17,II.24.17,Wave number in waveguide,Engineering,Electrical Engineering,Waveguide Theory,omega,$\omega$,$\omega$: frequency,"\omega \in [4.0,6.0]","$\omega \in [4.0,6.0]$"
Feynman72,FeynmanIICh24Eq17,II.24.17,Wave number in waveguide,Engineering,Electrical Engineering,Waveguide Theory,c,$c$,$c$: wave speed,"c \in [1.0,2.0]","$c \in [1.0,2.0]$"
Feynman72,FeynmanIICh24Eq17,II.24.17,Wave number in waveguide,Engineering,Electrical Engineering,Waveguide Theory,d,$d$,$d$: waveguide dimension,"d \in [2.0,4.0]","$d \in [2.0,4.0]$"
Feynman73,FeynmanIICh27Eq16,II.27.16,Poynting vector magnitude,Physics,Electromagnetism,Energy Flow,Ef,$Ef$,$Ef$: electric field amplitude,"Ef \in [1.0,5.0]","$Ef \in [1.0,5.0]$"
Feynman73,FeynmanIICh27Eq16,II.27.16,Poynting vector magnitude,Physics,Electromagnetism,Energy Flow,c,$c$,$c$: speed of light,"c \in [1.0,5.0]","$c \in [1.0,5.0]$"
Feynman73,FeynmanIICh27Eq16,II.27.16,Poynting vector magnitude,Physics,Electromagnetism,Energy Flow,epsilon,$\epsilon$,$\epsilon$: permittivity of medium,"\epsilon \in [1.0,5.0]","$\epsilon \in [1.0,5.0]$"
Feynman74,FeynmanIICh27Eq18,II.27.18,Electric energy flux,Physics,Electromagnetism,Energy Density,Ef,$Ef$,$Ef$: electric field amplitude,"Ef \in [1.0,5.0]","$Ef \in [1.0,5.0]$"
Feynman74,FeynmanIICh27Eq18,II.27.18,Electric energy flux,Physics,Electromagnetism,Energy Density,epsilon,$\epsilon$,$\epsilon$: permittivity of medium,"\epsilon \in [1.0,5.0]","$\epsilon \in [1.0,5.0]$"
Feynman75,FeynmanIICh34Eq2a,II.34.2a,Magnetic dipole moment (current loop),Physics,Electromagnetism,Magnetic Moment,q,$q$,$q$: charge,"q \in [1.0,5.0]","$q \in [1.0,5.0]$"
Feynman75,FeynmanIICh34Eq2a,II.34.2a,Magnetic dipole moment (current loop),Physics,Electromagnetism,Magnetic Moment,v,$v$,$v$: velocity,"v \in [1.0,5.0]","$v \in [1.0,5.0]$"
Feynman75,FeynmanIICh34Eq2a,II.34.2a,Magnetic dipole moment (current loop),Physics,Electromagnetism,Magnetic Moment,r,$r$,$r$: radius,"r \in [1.0,5.0]","$r \in [1.0,5.0]$"
Feynman76,FeynmanIICh34Eq2,II.34.2,Magnetic moment (orbiting charge),Physics,Electromagnetism,Magnetic Moment,q,$q$,$q$: particle charge,"q \in [1.0,5.0]","$q \in [1.0,5.0]$"
Feynman76,FeynmanIICh34Eq2,II.34.2,Magnetic moment (orbiting charge),Physics,Electromagnetism,Magnetic Moment,r,$r$,$r$: orbital radius,"r \in [1.0,5.0]","$r \in [1.0,5.0]$"
Feynman76,FeynmanIICh34Eq2,II.34.2,Magnetic moment (orbiting charge),Physics,Electromagnetism,Magnetic Moment,v,$v$,$v$: orbital velocity,"v \in [1.0,5.0]","$v \in [1.0,5.0]$"
Feynman77,FeynmanIICh34Eq11,II.34.11,Larmor precession frequency,Physics,Quantum Mechanics,Spin Precession,B,$B$,$B$: magnetic field strength,"B \in [1.0,5.0]","$B \in [1.0,5.0]$"
Feynman77,FeynmanIICh34Eq11,II.34.11,Larmor precession frequency,Physics,Quantum Mechanics,Spin Precession,g,$g$,$g$: Landé g-factor,"g \in [1.0,5.0]","$g \in [1.0,5.0]$"
Feynman77,FeynmanIICh34Eq11,II.34.11,Larmor precession frequency,Physics,Quantum Mechanics,Spin Precession,q,$q$,$q$: particle charge,"q \in [1.0,5.0]","$q \in [1.0,5.0]$"
Feynman77,FeynmanIICh34Eq11,II.34.11,Larmor precession frequency,Physics,Quantum Mechanics,Spin Precession,m,$m$,$m$: particle mass,"m \in [1.0,5.0]","$m \in [1.0,5.0]$"
Feynman78,FeynmanIICh34Eq29a,II.34.29a,Bohr magneton,Physics,Quantum Mechanics,Magnetic Moment,h,$h$,$h$: Planck's constant,"h \in [1.0,5.0]","$h \in [1.0,5.0]$"
Feynman78,FeynmanIICh34Eq29a,II.34.29a,Bohr magneton,Physics,Quantum Mechanics,Magnetic Moment,q,$q$,$q$: electron charge,"q \in [1.0,5.0]","$q \in [1.0,5.0]$"
Feynman78,FeynmanIICh34Eq29a,II.34.29a,Bohr magneton,Physics,Quantum Mechanics,Magnetic Moment,m,$m$,$m$: electron mass,"m \in [1.0,5.0]","$m \in [1.0,5.0]$"
Feynman79,FeynmanIICh34Eq29b,II.34.29b,Zeeman effect energy splitting,Physics,Quantum Mechanics,Atomic Spectroscopy,B,$B$,$B$: applied magnetic field,"B \in [1.0,5.0]","$B \in [1.0,5.0]$"
Feynman79,FeynmanIICh34Eq29b,II.34.29b,Zeeman effect energy splitting,Physics,Quantum Mechanics,Atomic Spectroscopy,Jz,$Jz$,$Jz$: z-component of angular momentum,"Jz \in [1.0,5.0]","$Jz \in [1.0,5.0]$"
Feynman79,FeynmanIICh34Eq29b,II.34.29b,Zeeman effect energy splitting,Physics,Quantum Mechanics,Atomic Spectroscopy,g,$g$,$g$: Landé g-factor,"g \in [1.0,5.0]","$g \in [1.0,5.0]$"
Feynman79,FeynmanIICh34Eq29b,II.34.29b,Zeeman effect energy splitting,Physics,Quantum Mechanics,Atomic Spectroscopy,mom,$mom$,$mom$: Bohr magneton,"mom \in [1.0,5.0]","$mom \in [1.0,5.0]$"
Feynman79,FeynmanIICh34Eq29b,II.34.29b,Zeeman effect energy splitting,Physics,Quantum Mechanics,Atomic Spectroscopy,h,$h$,$h$: Planck's constant,"h \in [1.0,5.0]","$h \in [1.0,5.0]$"
Feynman80,FeynmanIICh35Eq18,II.35.18,Paramagnetism (Brillouin function approx),Physics,Solid State Physics,Magnetism,n0,$n_0$,$n_0$: total number density,"n_0 \in [1.0,3.0]","$n_0 \in [1.0,3.0]$"
Feynman80,FeynmanIICh35Eq18,II.35.18,Paramagnetism (Brillouin function approx),Physics,Solid State Physics,Magnetism,B,$B$,$B$: applied magnetic field,"B \in [1.0,3.0]","$B \in [1.0,3.0]$"
Feynman80,FeynmanIICh35Eq18,II.35.18,Paramagnetism (Brillouin function approx),Physics,Solid State Physics,Magnetism,mom,$mom$,$mom$: magnetic moment per particle,"mom \in [1.0,3.0]","$mom \in [1.0,3.0]$"
Feynman80,FeynmanIICh35Eq18,II.35.18,Paramagnetism (Brillouin function approx),Physics,Solid State Physics,Magnetism,T,$T$,$T$: absolute temperature,"T \in [1.0,3.0]","$T \in [1.0,3.0]$"
Feynman80,FeynmanIICh35Eq18,II.35.18,Paramagnetism (Brillouin function approx),Physics,Solid State Physics,Magnetism,kb,$kb$,$kb$: Boltzmann constant,"kb \in [1.0,3.0]","$kb \in [1.0,3.0]$"
Feynman81,FeynmanIICh35Eq21,II.35.21,Magnetization (Langevin function),Physics,Solid State Physics,Magnetization,mom,$mom$,$mom$: magnetic moment per particle,"mom \in [1.0,5.0]","$mom \in [1.0,5.0]$"
Feynman81,FeynmanIICh35Eq21,II.35.21,Magnetization (Langevin function),Physics,Solid State Physics,Magnetization,nrho,$n_{\rho}$,$n_{\rho}$: particle number density,"n_{\rho} \in [1.0,5.0]","$n_{\rho} \in [1.0,5.0]$"
Feynman81,FeynmanIICh35Eq21,II.35.21,Magnetization (Langevin function),Physics,Solid State Physics,Magnetization,B,$B$,$B$: applied magnetic field,"B \in [1.0,5.0]","$B \in [1.0,5.0]$"
Feynman81,FeynmanIICh35Eq21,II.35.21,Magnetization (Langevin function),Physics,Solid State Physics,Magnetization,T,$T$,$T$: absolute temperature,"T \in [1.0,5.0]","$T \in [1.0,5.0]$"
Feynman81,FeynmanIICh35Eq21,II.35.21,Magnetization (Langevin function),Physics,Solid State Physics,Magnetization,kb,$kb$,$kb$: Boltzmann constant,"kb \in [1.0,5.0]","$kb \in [1.0,5.0]$"
Feynman82,FeynmanIICh36Eq38,II.36.38,Magnetization with electric contribution,Physics,Solid State Physics,Magneto-Electric Coupling,H,$H$,$H$: applied magnetic field,"H \in [1.0,3.0]","$H \in [1.0,3.0]$"
Feynman82,FeynmanIICh36Eq38,II.36.38,Magnetization with electric contribution,Physics,Solid State Physics,Magneto-Electric Coupling,M,$M$,$M$: magnetization,"M \in [1.0,3.0]","$M \in [1.0,3.0]$"
Feynman82,FeynmanIICh36Eq38,II.36.38,Magnetization with electric contribution,Physics,Solid State Physics,Magneto-Electric Coupling,mom,$mom$,$mom$: magnetic moment per particle,"mom \in [1.0,3.0]","$mom \in [1.0,3.0]$"
Feynman82,FeynmanIICh36Eq38,II.36.38,Magnetization with electric contribution,Physics,Solid State Physics,Magneto-Electric Coupling,T,$T$,$T$: absolute temperature,"T \in [1.0,3.0]","$T \in [1.0,3.0]$"
Feynman82,FeynmanIICh36Eq38,II.36.38,Magnetization with electric contribution,Physics,Solid State Physics,Magneto-Electric Coupling,kb,$kb$,$kb$: Boltzmann constant,"kb \in [1.0,3.0]","$kb \in [1.0,3.0]$"
Feynman82,FeynmanIICh36Eq38,II.36.38,Magnetization with electric contribution,Physics,Solid State Physics,Magneto-Electric Coupling,alpha,$\alpha$,$\alpha$: magneto-electric coupling constant,"\alpha \in [1.0,3.0]","$\alpha \in [1.0,3.0]$"
Feynman82,FeynmanIICh36Eq38,II.36.38,Magnetization with electric contribution,Physics,Solid State Physics,Magneto-Electric Coupling,epsilon,$\epsilon$,$\epsilon$: permittivity of medium,"\epsilon \in [1.0,3.0]","$\epsilon \in [1.0,3.0]$"
Feynman82,FeynmanIICh36Eq38,II.36.38,Magnetization with electric contribution,Physics,Solid State Physics,Magneto-Electric Coupling,c,$c$,$c$: speed of light,"c \in [1.0,3.0]","$c \in [1.0,3.0]$"
Feynman83,FeynmanIICh37Eq1,II.37.1,Magnetic field in material,Physics,Solid State Physics,Magnetic Materials,B,$B$,$B$: applied magnetic field,"B \in [1.0,5.0]","$B \in [1.0,5.0]$"
Feynman83,FeynmanIICh37Eq1,II.37.1,Magnetic field in material,Physics,Solid State Physics,Magnetic Materials,mom,$mom$,$mom$: magnetic moment per particle,"mom \in [1.0,5.0]","$mom \in [1.0,5.0]$"
Feynman83,FeynmanIICh37Eq1,II.37.1,Magnetic field in material,Physics,Solid State Physics,Magnetic Materials,chi,$\chi$,$\chi$: magnetic susceptibility,"\chi \in [1.0,5.0]","$\chi \in [1.0,5.0]$"
Feynman84,FeynmanIICh38Eq3,II.38.3,Hooke's law for stress/strain (force),Engineering,Mechanical Engineering,Elasticity,Y,$Y$,$Y$: Young's modulus,"Y \in [1.0,5.0]","$Y \in [1.0,5.0]$"
Feynman84,FeynmanIICh38Eq3,II.38.3,Hooke's law for stress/strain (force),Engineering,Mechanical Engineering,Elasticity,A,$A$,$A$: cross-sectional area,"A \in [1.0,5.0]","$A \in [1.0,5.0]$"
Feynman84,FeynmanIICh38Eq3,II.38.3,Hooke's law for stress/strain (force),Engineering,Mechanical Engineering,Elasticity,x,$x$,$x$: elongation (extension),"x \in [1.0,5.0]","$x \in [1.0,5.0]$"
Feynman84,FeynmanIICh38Eq3,II.38.3,Hooke's law for stress/strain (force),Engineering,Mechanical Engineering,Elasticity,d,$d$,$d$: original length,"d \in [1.0,5.0]","$d \in [1.0,5.0]$"
Feynman85,FeynmanIICh38Eq14,II.38.14,Shear modulus from Young's modulus,Engineering,Mechanical Engineering,Material Properties,Y,$Y$,$Y$: Young's modulus,"Y \in [1.0,5.0]","$Y \in [1.0,5.0]$"
Feynman85,FeynmanIICh38Eq14,II.38.14,Shear modulus from Young's modulus,Engineering,Mechanical Engineering,Material Properties,sigma,$\sigma$,$\sigma$: Poisson's ratio,"\sigma \in [1.0,5.0]","$\sigma \in [1.0,5.0]$"
Feynman86,FeynmanIIICh4Eq32,III.4.32,Bose-Einstein distribution,Physics,Statistical Mechanics,Quantum Statistics,h,$h$,$h$: Planck's constant,"h \in [1.0,5.0]","$h \in [1.0,5.0]$"
Feynman86,FeynmanIIICh4Eq32,III.4.32,Bose-Einstein distribution,Physics,Statistical Mechanics,Quantum Statistics,omega,$\omega$,$\omega$: angular frequency,"\omega \in [1.0,5.0]","$\omega \in [1.0,5.0]$"
Feynman86,FeynmanIIICh4Eq32,III.4.32,Bose-Einstein distribution,Physics,Statistical Mechanics,Quantum Statistics,T,$T$,$T$: absolute temperature,"T \in [1.0,5.0]","$T \in [1.0,5.0]$"
Feynman86,FeynmanIIICh4Eq32,III.4.32,Bose-Einstein distribution,Physics,Statistical Mechanics,Quantum Statistics,kb,$kb$,$kb$: Boltzmann constant,"kb \in [1.0,5.0]","$kb \in [1.0,5.0]$"
Feynman87,FeynmanIIICh4Eq33,III.4.33,Average energy (Bose-Einstein statistics),Physics,Statistical Mechanics,Quantum Statistics,h,$h$,$h$: Planck's constant,"h \in [1.0,5.0]","$h \in [1.0,5.0]$"
Feynman87,FeynmanIIICh4Eq33,III.4.33,Average energy (Bose-Einstein statistics),Physics,Statistical Mechanics,Quantum Statistics,omega,$\omega$,$\omega$: angular frequency,"\omega \in [1.0,5.0]","$\omega \in [1.0,5.0]$"
Feynman87,FeynmanIIICh4Eq33,III.4.33,Average energy (Bose-Einstein statistics),Physics,Statistical Mechanics,Quantum Statistics,T,$T$,$T$: absolute temperature,"T \in [1.0,5.0]","$T \in [1.0,5.0]$"
Feynman87,FeynmanIIICh4Eq33,III.4.33,Average energy (Bose-Einstein statistics),Physics,Statistical Mechanics,Quantum Statistics,kb,$kb$,$kb$: Boltzmann constant,"kb \in [1.0,5.0]","$kb \in [1.0,5.0]$"
Feynman88,FeynmanIIICh7Eq38,III.7.38,Gyromagnetic ratio times field,Physics,Quantum Mechanics,Spin Dynamics,B,$B$,$B$: magnetic field,"B \in [1.0,5.0]","$B \in [1.0,5.0]$"
Feynman88,FeynmanIIICh7Eq38,III.7.38,Gyromagnetic ratio times field,Physics,Quantum Mechanics,Spin Dynamics,mom,$mom$,$mom$: magnetic dipole moment,"mom \in [1.0,5.0]","$mom \in [1.0,5.0]$"
Feynman88,FeynmanIIICh7Eq38,III.7.38,Gyromagnetic ratio times field,Physics,Quantum Mechanics,Spin Dynamics,h,$h$,$h$: Planck's constant,"h \in [1.0,5.0]","$h \in [1.0,5.0]$"
Feynman89,FeynmanIIICh8Eq54,III.8.54,Quantum transition probability (time-dependent),Physics,Quantum Mechanics,Time Evolution,En,$E_n$,$E_n$: energy,"E_n \in [1.0,2.0]","$E_n \in [1.0,2.0]$"
Feynman89,FeynmanIIICh8Eq54,III.8.54,Quantum transition probability (time-dependent),Physics,Quantum Mechanics,Time Evolution,t,$t$,$t$: time,"t \in [1.0,2.0]","$t \in [1.0,2.0]$"
Feynman89,FeynmanIIICh8Eq54,III.8.54,Quantum transition probability (time-dependent),Physics,Quantum Mechanics,Time Evolution,h,$h$,$h$: Planck's constant,"h \in [1.0,4.0]","$h \in [1.0,4.0]$"
Feynman90,FeynmanIIICh9Eq52,III.9.52,Rabi oscillation transition rate,Physics,Quantum Mechanics,Quantum Optics,Ef,$Ef$,$Ef$: electric field amplitude,"Ef \in [1.0,3.0]","$Ef \in [1.0,3.0]$"
Feynman90,FeynmanIIICh9Eq52,III.9.52,Rabi oscillation transition rate,Physics,Quantum Mechanics,Quantum Optics,pd,$p_d$,$p_d$: electric dipole moment,"p_d \in [1.0,3.0]","$p_d \in [1.0,3.0]$"
Feynman90,FeynmanIIICh9Eq52,III.9.52,Rabi oscillation transition rate,Physics,Quantum Mechanics,Quantum Optics,omega,$\omega$,$\omega$: driving frequency,"\omega \in [1.0,5.0]","$\omega \in [1.0,5.0]$"
Feynman90,FeynmanIIICh9Eq52,III.9.52,Rabi oscillation transition rate,Physics,Quantum Mechanics,Quantum Optics,omega0,$\omega_0$,$\omega_0$: resonance frequency,"\omega_0 \in [1.0,5.0]","$\omega_0 \in [1.0,5.0]$"
Feynman90,FeynmanIIICh9Eq52,III.9.52,Rabi oscillation transition rate,Physics,Quantum Mechanics,Quantum Optics,t,$t$,$t$: time,"t \in [1.0,3.0]","$t \in [1.0,3.0]$"
Feynman90,FeynmanIIICh9Eq52,III.9.52,Rabi oscillation transition rate,Physics,Quantum Mechanics,Quantum Optics,h,$h$,$h$: Planck's constant,"h \in [1.0,3.0]","$h \in [1.0,3.0]$"
Feynman91,FeynmanIIICh10Eq19,III.10.19,Energy in 3D magnetic field,Physics,Quantum Mechanics,Zeeman Energy,mom,$mom$,$mom$: magnetic dipole moment,"mom \in [1.0,5.0]","$mom \in [1.0,5.0]$"
Feynman91,FeynmanIIICh10Eq19,III.10.19,Energy in 3D magnetic field,Physics,Quantum Mechanics,Zeeman Energy,Bx,$Bx$,$Bx$: x-component of magnetic field,"Bx \in [1.0,5.0]","$Bx \in [1.0,5.0]$"
Feynman91,FeynmanIIICh10Eq19,III.10.19,Energy in 3D magnetic field,Physics,Quantum Mechanics,Zeeman Energy,By,$By$,$By$: y-component of magnetic field,"By \in [1.0,5.0]","$By \in [1.0,5.0]$"
Feynman91,FeynmanIIICh10Eq19,III.10.19,Energy in 3D magnetic field,Physics,Quantum Mechanics,Zeeman Energy,Bz,$Bz$,$Bz$: z-component of magnetic field,"Bz \in [1.0,5.0]","$Bz \in [1.0,5.0]$"
Feynman92,FeynmanIIICh12Eq43,III.12.43,Quantized angular momentum,Physics,Quantum Mechanics,Angular Momentum,h,$h$,$h$: Planck's constant,"h \in [1.0,5.0]","$h \in [1.0,5.0]$"
Feynman92,FeynmanIIICh12Eq43,III.12.43,Quantized angular momentum,Physics,Quantum Mechanics,Angular Momentum,n,$n$,$n$: principal quantum number,"n \in [1.0,5.0]","$n \in [1.0,5.0]$"
Feynman93,FeynmanIIICh13Eq18,III.13.18,Fermi's golden rule (transition rate),Physics,Quantum Mechanics,Perturbation Theory,En,$E_n$,$E_n$: energy,"E_n \in [1.0,5.0]","$E_n \in [1.0,5.0]$"
Feynman93,FeynmanIIICh13Eq18,III.13.18,Fermi's golden rule (transition rate),Physics,Quantum Mechanics,Perturbation Theory,d,$d$,$d$: matrix element,"d \in [1.0,5.0]","$d \in [1.0,5.0]$"
Feynman93,FeynmanIIICh13Eq18,III.13.18,Fermi's golden rule (transition rate),Physics,Quantum Mechanics,Perturbation Theory,k,$k$,$k$: density of states,"k \in [1.0,5.0]","$k \in [1.0,5.0]$"
Feynman93,FeynmanIIICh13Eq18,III.13.18,Fermi's golden rule (transition rate),Physics,Quantum Mechanics,Perturbation Theory,h,$h$,$h$: Planck's constant,"h \in [1.0,5.0]","$h \in [1.0,5.0]$"
Feynman94,FeynmanIIICh14Eq14,III.14.14,Shockley diode equation,Engineering,Electrical Engineering,Semiconductor Devices,I0,$I_0$,$I_0$: saturation current,"I_0 \in [1.0,5.0]","$I_0 \in [1.0,5.0]$"
Feynman94,FeynmanIIICh14Eq14,III.14.14,Shockley diode equation,Engineering,Electrical Engineering,Semiconductor Devices,Volt,$Volt$,$Volt$: applied voltage,"Volt \in [1.0,2.0]","$Volt \in [1.0,2.0]$"
Feynman94,FeynmanIIICh14Eq14,III.14.14,Shockley diode equation,Engineering,Electrical Engineering,Semiconductor Devices,q,$q$,$q$: elementary charge,"q \in [1.0,2.0]","$q \in [1.0,2.0]$"
Feynman94,FeynmanIIICh14Eq14,III.14.14,Shockley diode equation,Engineering,Electrical Engineering,Semiconductor Devices,T,$T$,$T$: absolute temperature,"T \in [1.0,2.0]","$T \in [1.0,2.0]$"
Feynman94,FeynmanIIICh14Eq14,III.14.14,Shockley diode equation,Engineering,Electrical Engineering,Semiconductor Devices,kb,$kb$,$kb$: Boltzmann constant,"kb \in [1.0,2.0]","$kb \in [1.0,2.0]$"
Feynman95,FeynmanIIICh15Eq12,III.15.12,Tight-binding dispersion relation,Physics,Solid State Physics,Band Structure,U,$U$,$U$: coupling energy,"U \in [1.0,5.0]","$U \in [1.0,5.0]$"
Feynman95,FeynmanIIICh15Eq12,III.15.12,Tight-binding dispersion relation,Physics,Solid State Physics,Band Structure,k,$k$,$k$: wave vector,"k \in [1.0,5.0]","$k \in [1.0,5.0]$"
Feynman95,FeynmanIIICh15Eq12,III.15.12,Tight-binding dispersion relation,Physics,Solid State Physics,Band Structure,d,$d$,$d$: lattice constant,"d \in [1.0,5.0]","$d \in [1.0,5.0]$"
Feynman96,FeynmanIIICh15Eq14,III.15.14,Effective mass in quantum well,Physics,Quantum Mechanics,Quantum Confinement,h,$h$,$h$: Planck's constant,"h \in [1.0,5.0]","$h \in [1.0,5.0]$"
Feynman96,FeynmanIIICh15Eq14,III.15.14,Effective mass in quantum well,Physics,Quantum Mechanics,Quantum Confinement,En,$E_n$,$E_n$: energy,"E_n \in [1.0,5.0]","$E_n \in [1.0,5.0]$"
Feynman96,FeynmanIIICh15Eq14,III.15.14,Effective mass in quantum well,Physics,Quantum Mechanics,Quantum Confinement,d,$d$,$d$: well width,"d \in [1.0,5.0]","$d \in [1.0,5.0]$"
Feynman97,FeynmanIIICh15Eq27,III.15.27,Reciprocal lattice vector,Physics,Solid State Physics,Crystallography,alpha,$\alpha$,$\alpha$: lattice parameter,"\alpha \in [1.0,5.0]","$\alpha \in [1.0,5.0]$"
Feynman97,FeynmanIIICh15Eq27,III.15.27,Reciprocal lattice vector,Physics,Solid State Physics,Crystallography,n,$n$,$n$: Miller index,"n \in [1.0,5.0]","$n \in [1.0,5.0]$"
Feynman97,FeynmanIIICh15Eq27,III.15.27,Reciprocal lattice vector,Physics,Solid State Physics,Crystallography,d,$d$,$d$: spacing,"d \in [1.0,5.0]","$d \in [1.0,5.0]$"
Feynman98,FeynmanIIICh17Eq37,III.17.37,Angular modulation function,Mathematics,Applied Mathematics,Signal Processing,beta,$\beta$,$\beta$: amplitude parameter,"\beta \in [1.0,5.0]","$\beta \in [1.0,5.0]$"
Feynman98,FeynmanIIICh17Eq37,III.17.37,Angular modulation function,Mathematics,Applied Mathematics,Signal Processing,alpha,$\alpha$,$\alpha$: modulation depth,"\alpha \in [1.0,5.0]","$\alpha \in [1.0,5.0]$"
Feynman98,FeynmanIIICh17Eq37,III.17.37,Angular modulation function,Mathematics,Applied Mathematics,Signal Processing,theta,$\theta$,$\theta$: angle,"\theta \in [1.0,5.0]","$\theta \in [1.0,5.0]$"
Feynman99,FeynmanIIICh19Eq51,III.19.51,Hydrogen atom energy levels (Bohr model),Physics,Quantum Mechanics,Atomic Physics,m,$m$,$m$: electron mass,"m \in [1.0,5.0]","$m \in [1.0,5.0]$"
Feynman99,FeynmanIIICh19Eq51,III.19.51,Hydrogen atom energy levels (Bohr model),Physics,Quantum Mechanics,Atomic Physics,q,$q$,$q$: electron charge,"q \in [1.0,5.0]","$q \in [1.0,5.0]$"
Feynman99,FeynmanIIICh19Eq51,III.19.51,Hydrogen atom energy levels (Bohr model),Physics,Quantum Mechanics,Atomic Physics,h,$h$,$h$: Planck's constant,"h \in [1.0,5.0]","$h \in [1.0,5.0]$"
Feynman99,FeynmanIIICh19Eq51,III.19.51,Hydrogen atom energy levels (Bohr model),Physics,Quantum Mechanics,Atomic Physics,n,$n$,$n$: principal quantum number,"n \in [1.0,5.0]","$n \in [1.0,5.0]$"
Feynman99,FeynmanIIICh19Eq51,III.19.51,Hydrogen atom energy levels (Bohr model),Physics,Quantum Mechanics,Atomic Physics,epsilon,$\epsilon$,$\epsilon$: permittivity,"\epsilon \in [1.0,5.0]","$\epsilon \in [1.0,5.0]$"
Feynman100,FeynmanIIICh21Eq20,III.21.20,Current density in quantum mechanics,Physics,Quantum Mechanics,Electromagnetic Coupling,Avec,$A_{vec}$,$A_{vec}$: magnetic vector potential,"A_{vec} \in [1.0,5.0]","$A_{vec} \in [1.0,5.0]$"
Feynman100,FeynmanIIICh21Eq20,III.21.20,Current density in quantum mechanics,Physics,Quantum Mechanics,Electromagnetic Coupling,q,$q$,$q$: electric charge,"q \in [1.0,5.0]","$q \in [1.0,5.0]$"
Feynman100,FeynmanIIICh21Eq20,III.21.20,Current density in quantum mechanics,Physics,Quantum Mechanics,Electromagnetic Coupling,rhoc0,$\rho_{c_0}$,$\rho_{c_0}$: charge density,"\rho_{c_0} \in [1.0,5.0]","$\rho_{c_0} \in [1.0,5.0]$"
Feynman100,FeynmanIIICh21Eq20,III.21.20,Current density in quantum mechanics,Physics,Quantum Mechanics,Electromagnetic Coupling,m,$m$,$m$: particle mass,"m \in [1.0,5.0]","$m \in [1.0,5.0]$"
Bonus1,FeynmanBonus1,Bonus1.0,Mott scattering cross-section (relativistic Rutherford),Physics,Nuclear Physics,Scattering Theory,Z1,$Z_1$,$Z_1$: atomic number of projectile,"Z_1 \in [1.0,2.0]","$Z_1 \in [1.0,2.0]$"
Bonus1,FeynmanBonus1,Bonus1.0,Mott scattering cross-section (relativistic Rutherford),Physics,Nuclear Physics,Scattering Theory,Z2,$Z_2$,$Z_2$: atomic number of target,"Z_2 \in [1.0,2.0]","$Z_2 \in [1.0,2.0]$"
Bonus1,FeynmanBonus1,Bonus1.0,Mott scattering cross-section (relativistic Rutherford),Physics,Nuclear Physics,Scattering Theory,alpha,$\alpha$,$\alpha$: fine structure constant,"\alpha \in [1.0,2.0]","$\alpha \in [1.0,2.0]$"
Bonus1,FeynmanBonus1,Bonus1.0,Mott scattering cross-section (relativistic Rutherford),Physics,Nuclear Physics,Scattering Theory,hbar,$\hbar$,$\hbar$: reduced Planck constant,"\hbar \in [1.0,2.0]","$\hbar \in [1.0,2.0]$"
Bonus1,FeynmanBonus1,Bonus1.0,Mott scattering cross-section (relativistic Rutherford),Physics,Nuclear Physics,Scattering Theory,c,$c$,$c$: speed of light,"c \in [1.0,2.0]","$c \in [1.0,2.0]$"
Bonus1,FeynmanBonus1,Bonus1.0,Mott scattering cross-section (relativistic Rutherford),Physics,Nuclear Physics,Scattering Theory,En,$E_n$,$E_n$: kinetic energy of projectile,"E_n \in [1.0,3.0]","$E_n \in [1.0,3.0]$"
Bonus1,FeynmanBonus1,Bonus1.0,Mott scattering cross-section (relativistic Rutherford),Physics,Nuclear Physics,Scattering Theory,theta,$\theta$,$\theta$: scattering angle,"\theta \in [1.0,3.0]","$\theta \in [1.0,3.0]$"
Bonus2,FeynmanBonus2,Bonus2.0,Effective potential in two-body problem,Physics,Classical Mechanics,Central Force Motion,m,$m$,$m$: reduced mass of system,"m \in [1.0,3.0]","$m \in [1.0,3.0]$"
Bonus2,FeynmanBonus2,Bonus2.0,Effective potential in two-body problem,Physics,Classical Mechanics,Central Force Motion,kG,$k_G$,$k_G$: gravitational coupling $Gm_1m_2$,"k_G \in [1.0,3.0]","$k_G \in [1.0,3.0]$"
Bonus2,FeynmanBonus2,Bonus2.0,Effective potential in two-body problem,Physics,Classical Mechanics,Central Force Motion,L,$L$,$L$: total angular momentum,"L \in [1.0,3.0]","$L \in [1.0,3.0]$"
Bonus2,FeynmanBonus2,Bonus2.0,Effective potential in two-body problem,Physics,Classical Mechanics,Central Force Motion,En,$E_n$,$E_n$: total mechanical energy,"E_n \in [1.0,3.0]","$E_n \in [1.0,3.0]$"
Bonus2,FeynmanBonus2,Bonus2.0,Effective potential in two-body problem,Physics,Classical Mechanics,Central Force Motion,theta1,$\theta_1$,$\theta_1$: current true anomaly,"\theta_1 \in [0.0,6.0]","$\theta_1 \in [0.0,6.0]$"
Bonus2,FeynmanBonus2,Bonus2.0,Effective potential in two-body problem,Physics,Classical Mechanics,Central Force Motion,theta2,$\theta_2$,$\theta_2$: periapsis argument,"\theta_2 \in [0.0,6.0]","$\theta_2 \in [0.0,6.0]$"
Bonus3,FeynmanBonus3,Bonus3.0,Orbit equation (conic section with eccentricity),Physics,Classical Mechanics,Orbital Mechanics,d,$d$,$d$: semi-latus rectum of orbit,"d \in [1.0,3.0]","$d \in [1.0,3.0]$"
Bonus3,FeynmanBonus3,Bonus3.0,Orbit equation (conic section with eccentricity),Physics,Classical Mechanics,Orbital Mechanics,alpha,$\alpha$,$\alpha$: orbital eccentricity,"\alpha \in [2.0,4.0]","$\alpha \in [2.0,4.0]$"
Bonus3,FeynmanBonus3,Bonus3.0,Orbit equation (conic section with eccentricity),Physics,Classical Mechanics,Orbital Mechanics,theta1,$\theta_1$,$\theta_1$: current true anomaly,"\theta_1 \in [4.0,5.0]","$\theta_1 \in [4.0,5.0]$"
Bonus3,FeynmanBonus3,Bonus3.0,Orbit equation (conic section with eccentricity),Physics,Classical Mechanics,Orbital Mechanics,theta2,$\theta_2$,$\theta_2$: argument of periapsis,"\theta_2 \in [4.0,5.0]","$\theta_2 \in [4.0,5.0]$"
Bonus4,FeynmanBonus4,Bonus4.0,Radial velocity (classical orbital mechanics),Physics,Classical Mechanics,Orbital Dynamics,m,$m$,$m$: mass,"m \in [1.0,3.0]","$m \in [1.0,3.0]$"
Bonus4,FeynmanBonus4,Bonus4.0,Radial velocity (classical orbital mechanics),Physics,Classical Mechanics,Orbital Dynamics,En,$E_n$,$E_n$: total energy,"E_n \in [8.0,12.0]","$E_n \in [8.0,12.0]$"
Bonus4,FeynmanBonus4,Bonus4.0,Radial velocity (classical orbital mechanics),Physics,Classical Mechanics,Orbital Dynamics,U,$U$,$U$: potential energy,"U \in [1.0,3.0]","$U \in [1.0,3.0]$"
Bonus4,FeynmanBonus4,Bonus4.0,Radial velocity (classical orbital mechanics),Physics,Classical Mechanics,Orbital Dynamics,L,$L$,$L$: angular momentum,"L \in [1.0,3.0]","$L \in [1.0,3.0]$"
Bonus4,FeynmanBonus4,Bonus4.0,Radial velocity (classical orbital mechanics),Physics,Classical Mechanics,Orbital Dynamics,r,$r$,$r$: radial distance,"r \in [1.0,3.0]","$r \in [1.0,3.0]$"
Bonus5,FeynmanBonus5,Bonus5.0,Kepler's third law (orbital period),Astronomy,Celestial Mechanics,Keplerian Orbits,d,$d$,$d$: semi-major axis of orbit,"d \in [1.0,3.0]","$d \in [1.0,3.0]$"
Bonus5,FeynmanBonus5,Bonus5.0,Kepler's third law (orbital period),Astronomy,Celestial Mechanics,Keplerian Orbits,G,$G$,$G$: gravitational constant,"G \in [1.0,3.0]","$G \in [1.0,3.0]$"
Bonus5,FeynmanBonus5,Bonus5.0,Kepler's third law (orbital period),Astronomy,Celestial Mechanics,Keplerian Orbits,m1,$m_1$,$m_1$: mass of primary body,"m_1 \in [1.0,3.0]","$m_1 \in [1.0,3.0]$"
Bonus5,FeynmanBonus5,Bonus5.0,Kepler's third law (orbital period),Astronomy,Celestial Mechanics,Keplerian Orbits,m2,$m_2$,$m_2$: mass of orbiting body,"m_2 \in [1.0,3.0]","$m_2 \in [1.0,3.0]$"
Bonus6,FeynmanBonus6,Bonus6.0,Eccentricity of Coulomb/Kepler orbit,Physics,Classical Mechanics,Central Force Orbits,epsilon,$\epsilon$,$\epsilon$: permittivity of vacuum,"\epsilon \in [1.0,3.0]","$\epsilon \in [1.0,3.0]$"
Bonus6,FeynmanBonus6,Bonus6.0,Eccentricity of Coulomb/Kepler orbit,Physics,Classical Mechanics,Central Force Orbits,L,$L$,$L$: orbital angular momentum,"L \in [1.0,3.0]","$L \in [1.0,3.0]$"
Bonus6,FeynmanBonus6,Bonus6.0,Eccentricity of Coulomb/Kepler orbit,Physics,Classical Mechanics,Central Force Orbits,En,$E_n$,$E_n$: total mechanical energy,"E_n \in [1.0,3.0]","$E_n \in [1.0,3.0]$"
Bonus6,FeynmanBonus6,Bonus6.0,Eccentricity of Coulomb/Kepler orbit,Physics,Classical Mechanics,Central Force Orbits,Z1,$Z_1$,$Z_1$: charge number of particle 1,"Z_1 \in [1.0,3.0]","$Z_1 \in [1.0,3.0]$"
Bonus6,FeynmanBonus6,Bonus6.0,Eccentricity of Coulomb/Kepler orbit,Physics,Classical Mechanics,Central Force Orbits,Z2,$Z_2$,$Z_2$: charge number of particle 2,"Z_2 \in [1.0,3.0]","$Z_2 \in [1.0,3.0]$"
Bonus6,FeynmanBonus6,Bonus6.0,Eccentricity of Coulomb/Kepler orbit,Physics,Classical Mechanics,Central Force Orbits,m,$m$,$m$: reduced mass of system,"m \in [1.0,3.0]","$m \in [1.0,3.0]$"
Bonus6,FeynmanBonus6,Bonus6.0,Eccentricity of Coulomb/Kepler orbit,Physics,Classical Mechanics,Central Force Orbits,q,$q$,$q$: elementary charge,"q \in [1.0,3.0]","$q \in [1.0,3.0]$"
Bonus7,FeynmanBonus7,Bonus7.0,"Friedmann equation (Hubble parameter, $H = \dot{a}/a$)",Astronomy,Cosmology,Expansion Dynamics,G,$G$,$G$: grav constant,"G \in [1.0,3.0]","$G \in [1.0,3.0]$"
Bonus7,FeynmanBonus7,Bonus7.0,"Friedmann equation (Hubble parameter, $H = \dot{a}/a$)",Astronomy,Cosmology,Expansion Dynamics,rho,$\rho$,$\rho$: mass density,"\rho \in [1.0,3.0]","$\rho \in [1.0,3.0]$"
Bonus7,FeynmanBonus7,Bonus7.0,"Friedmann equation (Hubble parameter, $H = \dot{a}/a$)",Astronomy,Cosmology,Expansion Dynamics,alpha,$\alpha$,$\alpha$: curvature constant,"\alpha \in [1.0,2.0]","$\alpha \in [1.0,2.0]$"
Bonus7,FeynmanBonus7,Bonus7.0,"Friedmann equation (Hubble parameter, $H = \dot{a}/a$)",Astronomy,Cosmology,Expansion Dynamics,c,$c$,$c$: speed of light,"c \in [1.0,2.0]","$c \in [1.0,2.0]$"
Bonus7,FeynmanBonus7,Bonus7.0,"Friedmann equation (Hubble parameter, $H = \dot{a}/a$)",Astronomy,Cosmology,Expansion Dynamics,d,$d$,$d$: scale factor,"d \in [1.0,3.0]","$d \in [1.0,3.0]$"
Bonus8,FeynmanBonus8,Bonus8.0,Compton scattering (scattered photon energy),Physics,Quantum Mechanics,Photon Scattering,En,$E_n$,$E_n$: photon energy,"E_n \in [1.0,3.0]","$E_n \in [1.0,3.0]$"
Bonus8,FeynmanBonus8,Bonus8.0,Compton scattering (scattered photon energy),Physics,Quantum Mechanics,Photon Scattering,m,$m$,$m$: electron mass,"m \in [1.0,3.0]","$m \in [1.0,3.0]$"
Bonus8,FeynmanBonus8,Bonus8.0,Compton scattering (scattered photon energy),Physics,Quantum Mechanics,Photon Scattering,c,$c$,$c$: speed of light,"c \in [1.0,3.0]","$c \in [1.0,3.0]$"
Bonus8,FeynmanBonus8,Bonus8.0,Compton scattering (scattered photon energy),Physics,Quantum Mechanics,Photon Scattering,theta,$\theta$,$\theta$: scattering angle,"\theta \in [1.0,3.0]","$\theta \in [1.0,3.0]$"
Bonus9,FeynmanBonus9,Bonus9.0,Gravitational wave power loss (binary system),Physics,General Relativity,Gravitational Radiation,G,$G$,$G$: gravitational constant,"G \in [1.0,2.0]","$G \in [1.0,2.0]$"
Bonus9,FeynmanBonus9,Bonus9.0,Gravitational wave power loss (binary system),Physics,General Relativity,Gravitational Radiation,c,$c$,$c$: speed of light,"c \in [1.0,2.0]","$c \in [1.0,2.0]$"
Bonus9,FeynmanBonus9,Bonus9.0,Gravitational wave power loss (binary system),Physics,General Relativity,Gravitational Radiation,m1,$m_1$,$m_1$: mass of first body,"m_1 \in [1.0,5.0]","$m_1 \in [1.0,5.0]$"
Bonus9,FeynmanBonus9,Bonus9.0,Gravitational wave power loss (binary system),Physics,General Relativity,Gravitational Radiation,m2,$m_2$,$m_2$: mass of second body,"m_2 \in [1.0,5.0]","$m_2 \in [1.0,5.0]$"
Bonus9,FeynmanBonus9,Bonus9.0,Gravitational wave power loss (binary system),Physics,General Relativity,Gravitational Radiation,r,$r$,$r$: orbital separation,"r \in [1.0,2.0]","$r \in [1.0,2.0]$"
Bonus10,FeynmanBonus10,Bonus10.0,Relativistic aberration angle,Physics,Relativity,Light Aberration,c,$c$,$c$: speed of light,"c \in [4.0,6.0]","$c \in [4.0,6.0]$"
Bonus10,FeynmanBonus10,Bonus10.0,Relativistic aberration angle,Physics,Relativity,Light Aberration,v,$v$,$v$: velocity,"v \in [1.0,3.0]","$v \in [1.0,3.0]$"
Bonus10,FeynmanBonus10,Bonus10.0,Relativistic aberration angle,Physics,Relativity,Light Aberration,theta2,$\theta_2$,$\theta_2$: angle in rest frame,"\theta_2 \in [1.0,3.0]","$\theta_2 \in [1.0,3.0]$"
Bonus11,FeynmanBonus11,Bonus11.0,Fraunhofer diffraction (N-slit interference pattern),Physics,Optics,Diffraction Patterns,I0,$I_0$,$I_0$: max intensity,"I_0 \in [1.0,3.0]","$I_0 \in [1.0,3.0]$"
Bonus11,FeynmanBonus11,Bonus11.0,Fraunhofer diffraction (N-slit interference pattern),Physics,Optics,Diffraction Patterns,alpha,$\alpha$,$\alpha$: single-slit phase,"\alpha \in [1.0,3.0]","$\alpha \in [1.0,3.0]$"
Bonus11,FeynmanBonus11,Bonus11.0,Fraunhofer diffraction (N-slit interference pattern),Physics,Optics,Diffraction Patterns,delta,$\delta$,$\delta$: inter-slit phase,"\delta \in [1.0,3.0]","$\delta \in [1.0,3.0]$"
Bonus11,FeynmanBonus11,Bonus11.0,Fraunhofer diffraction (N-slit interference pattern),Physics,Optics,Diffraction Patterns,n,$n$,$n$: number of slits,"n \in [1.0,2.0]","$n \in [1.0,2.0]$"
Bonus12,FeynmanBonus12,Bonus12.0,Electric field from grounded conducting sphere (image charge method),Physics,Electromagnetism,Electrostatic Boundary Problems,q,$q$,$q$: point charge,"q \in [1.0,5.0]","$q \in [1.0,5.0]$"
Bonus12,FeynmanBonus12,Bonus12.0,Electric field from grounded conducting sphere (image charge method),Physics,Electromagnetism,Electrostatic Boundary Problems,Volt,$Volt$,$Volt$: potential reference,"Volt \in [1.0,5.0]","$Volt \in [1.0,5.0]$"
Bonus12,FeynmanBonus12,Bonus12.0,Electric field from grounded conducting sphere (image charge method),Physics,Electromagnetism,Electrostatic Boundary Problems,d,$d$,$d$: sphere radius,"d \in [4.0,6.0]","$d \in [4.0,6.0]$"
Bonus12,FeynmanBonus12,Bonus12.0,Electric field from grounded conducting sphere (image charge method),Physics,Electromagnetism,Electrostatic Boundary Problems,epsilon,$\epsilon$,$\epsilon$: permittivity of vacuum,"\epsilon \in [1.0,5.0]","$\epsilon \in [1.0,5.0]$"
Bonus12,FeynmanBonus12,Bonus12.0,Electric field from grounded conducting sphere (image charge method),Physics,Electromagnetism,Electrostatic Boundary Problems,y,$y$,$y$: distance from sphere center,"y \in [1.0,3.0]","$y \in [1.0,3.0]$"
Bonus13,FeynmanBonus13,Bonus13.0,Coulomb potential (law of cosines form for arbitrary geometry),Physics,Electromagnetism,Electric Potential,q,$q$,$q$: point charge magnitude,"q \in [1.0,5.0]","$q \in [1.0,5.0]$"
Bonus13,FeynmanBonus13,Bonus13.0,Coulomb potential (law of cosines form for arbitrary geometry),Physics,Electromagnetism,Electric Potential,epsilon,$\epsilon$,$\epsilon$: permittivity of medium,"\epsilon \in [1.0,5.0]","$\epsilon \in [1.0,5.0]$"
Bonus13,FeynmanBonus13,Bonus13.0,Coulomb potential (law of cosines form for arbitrary geometry),Physics,Electromagnetism,Electric Potential,d,$d$,$d$: distance from origin to charge,"d \in [4.0,6.0]","$d \in [4.0,6.0]$"
Bonus13,FeynmanBonus13,Bonus13.0,Coulomb potential (law of cosines form for arbitrary geometry),Physics,Electromagnetism,Electric Potential,r,$r$,$r$: distance from origin to field point,"r \in [1.0,3.0]","$r \in [1.0,3.0]$"
Bonus13,FeynmanBonus13,Bonus13.0,Coulomb potential (law of cosines form for arbitrary geometry),Physics,Electromagnetism,Electric Potential,alpha,$\alpha$,$\alpha$: angle between $\mathbf{d}$ and $\mathbf{r}$,"\alpha \in [0.0,6.0]","$\alpha \in [0.0,6.0]$"
Bonus14,FeynmanBonus14,Bonus14.0,Induced dipole potential (dielectric sphere in uniform field),Physics,Electromagnetism,Dielectric Response,Ef,$Ef$,$Ef$: external electric field,"Ef \in [1.0,5.0]","$Ef \in [1.0,5.0]$"
Bonus14,FeynmanBonus14,Bonus14.0,Induced dipole potential (dielectric sphere in uniform field),Physics,Electromagnetism,Dielectric Response,alpha,$\alpha$,$\alpha$: relative dielectric constant,"\alpha \in [1.0,5.0]","$\alpha \in [1.0,5.0]$"
Bonus14,FeynmanBonus14,Bonus14.0,Induced dipole potential (dielectric sphere in uniform field),Physics,Electromagnetism,Dielectric Response,d,$d$,$d$: sphere radius,"d \in [1.0,5.0]","$d \in [1.0,5.0]$"
Bonus14,FeynmanBonus14,Bonus14.0,Induced dipole potential (dielectric sphere in uniform field),Physics,Electromagnetism,Dielectric Response,r,$r$,$r$: distance from sphere center,"r \in [1.0,5.0]","$r \in [1.0,5.0]$"
Bonus14,FeynmanBonus14,Bonus14.0,Induced dipole potential (dielectric sphere in uniform field),Physics,Electromagnetism,Dielectric Response,theta,$\theta$,$\theta$: polar angle from field direction,"\theta \in [0.0,6.0]","$\theta \in [0.0,6.0]$"
Bonus15,FeynmanBonus15,Bonus15.0,Relativistic Doppler shift (general angle),Physics,Relativity,Doppler Effect,omega,$\omega$,$\omega$: source frequency (rest frame),"\omega \in [1.0,5.0]","$\omega \in [1.0,5.0]$"
Bonus15,FeynmanBonus15,Bonus15.0,Relativistic Doppler shift (general angle),Physics,Relativity,Doppler Effect,v,$v$,$v$: relative velocity,"v \in [1.0,3.0]","$v \in [1.0,3.0]$"
Bonus15,FeynmanBonus15,Bonus15.0,Relativistic Doppler shift (general angle),Physics,Relativity,Doppler Effect,c,$c$,$c$: speed of light,"c \in [5.0,20.0]","$c \in [5.0,20.0]$"
Bonus15,FeynmanBonus15,Bonus15.0,Relativistic Doppler shift (general angle),Physics,Relativity,Doppler Effect,theta,$\theta$,$\theta$: angle between velocity and observation,"\theta \in [0.0,6.0]","$\theta \in [0.0,6.0]$"
Bonus16,FeynmanBonus16,Bonus16.0,"Relativistic Hamiltonian (charged particle in EM field, minimal coupling)",Physics,Relativity,Relativistic Dynamics,Volt,$Volt$,$Volt$: scalar potential,"Volt \in [1.0,5.0]","$Volt \in [1.0,5.0]$"
Bonus16,FeynmanBonus16,Bonus16.0,"Relativistic Hamiltonian (charged particle in EM field, minimal coupling)",Physics,Relativity,Relativistic Dynamics,q,$q$,$q$: particle charge,"q \in [1.0,5.0]","$q \in [1.0,5.0]$"
Bonus16,FeynmanBonus16,Bonus16.0,"Relativistic Hamiltonian (charged particle in EM field, minimal coupling)",Physics,Relativity,Relativistic Dynamics,c,$c$,$c$: speed of light,"c \in [1.0,5.0]","$c \in [1.0,5.0]$"
Bonus16,FeynmanBonus16,Bonus16.0,"Relativistic Hamiltonian (charged particle in EM field, minimal coupling)",Physics,Relativity,Relativistic Dynamics,m,$m$,$m$: rest mass,"m \in [1.0,5.0]","$m \in [1.0,5.0]$"
Bonus16,FeynmanBonus16,Bonus16.0,"Relativistic Hamiltonian (charged particle in EM field, minimal coupling)",Physics,Relativity,Relativistic Dynamics,Avec,$A_{vec}$,$A_{vec}$: magnetic vector potential,"A_{vec} \in [1.0,5.0]","$A_{vec} \in [1.0,5.0]$"
Bonus16,FeynmanBonus16,Bonus16.0,"Relativistic Hamiltonian (charged particle in EM field, minimal coupling)",Physics,Relativity,Relativistic Dynamics,p,$p$,$p$: canonical momentum,"p \in [1.0,5.0]","$p \in [1.0,5.0]$"
Bonus17,FeynmanBonus17,Bonus17.0,Hamiltonian (anharmonic oscillator with cubic nonlinearity),Physics,Classical Mechanics,Hamiltonian Mechanics,m,$m$,$m$: particle mass,"m \in [1.0,5.0]","$m \in [1.0,5.0]$"
Bonus17,FeynmanBonus17,Bonus17.0,Hamiltonian (anharmonic oscillator with cubic nonlinearity),Physics,Classical Mechanics,Hamiltonian Mechanics,omega,$\omega$,$\omega$: natural angular frequency,"\omega \in [1.0,5.0]","$\omega \in [1.0,5.0]$"
Bonus17,FeynmanBonus17,Bonus17.0,Hamiltonian (anharmonic oscillator with cubic nonlinearity),Physics,Classical Mechanics,Hamiltonian Mechanics,p,$p$,$p$: canonical momentum,"p \in [1.0,5.0]","$p \in [1.0,5.0]$"
Bonus17,FeynmanBonus17,Bonus17.0,Hamiltonian (anharmonic oscillator with cubic nonlinearity),Physics,Classical Mechanics,Hamiltonian Mechanics,x,$x$,$x$: displacement from equilibrium,"x \in [1.0,5.0]","$x \in [1.0,5.0]$"
Bonus17,FeynmanBonus17,Bonus17.0,Hamiltonian (anharmonic oscillator with cubic nonlinearity),Physics,Classical Mechanics,Hamiltonian Mechanics,alpha,$\alpha$,$\alpha$: anharmonicity parameter,"\alpha \in [1.0,5.0]","$\alpha \in [1.0,5.0]$"
Bonus17,FeynmanBonus17,Bonus17.0,Hamiltonian (anharmonic oscillator with cubic nonlinearity),Physics,Classical Mechanics,Hamiltonian Mechanics,y,$y$,$y$: characteristic length scale,"y \in [1.0,5.0]","$y \in [1.0,5.0]$"
Bonus18,FeynmanBonus18,Bonus18.0,Friedmann equation (total energy density from curvature),Astronomy,Cosmology,Energy Density,HG,$H_G$,$H_G$: Hubble parameter,"H_G \in [1.0,5.0]","$H_G \in [1.0,5.0]$"
Bonus18,FeynmanBonus18,Bonus18.0,Friedmann equation (total energy density from curvature),Astronomy,Cosmology,Energy Density,c,$c$,$c$: speed of light,"c \in [1.0,5.0]","$c \in [1.0,5.0]$"
Bonus18,FeynmanBonus18,Bonus18.0,Friedmann equation (total energy density from curvature),Astronomy,Cosmology,Energy Density,kf,$k_f$,$k_f$: spatial curvature constant,"k_f \in [1.0,5.0]","$k_f \in [1.0,5.0]$"
Bonus18,FeynmanBonus18,Bonus18.0,Friedmann equation (total energy density from curvature),Astronomy,Cosmology,Energy Density,r,$r$,$r$: scale factor $a(t)$,"r \in [1.0,5.0]","$r \in [1.0,5.0]$"
Bonus18,FeynmanBonus18,Bonus18.0,Friedmann equation (total energy density from curvature),Astronomy,Cosmology,Energy Density,G,$G$,$G$: gravitational constant,"G \in [1.0,5.0]","$G \in [1.0,5.0]$"
Bonus19,FeynmanBonus19,Bonus19.0,"Friedmann equation (effective pressure, equation of state parameter $w=\alpha$)",Astronomy,Cosmology,Equation of State,HG,$H_G$,$H_G$: Hubble parameter,"H_G \in [1.0,5.0]","$H_G \in [1.0,5.0]$"
Bonus19,FeynmanBonus19,Bonus19.0,"Friedmann equation (effective pressure, equation of state parameter $w=\alpha$)",Astronomy,Cosmology,Equation of State,c,$c$,$c$: speed of light,"c \in [1.0,5.0]","$c \in [1.0,5.0]$"
Bonus19,FeynmanBonus19,Bonus19.0,"Friedmann equation (effective pressure, equation of state parameter $w=\alpha$)",Astronomy,Cosmology,Equation of State,alpha,$\alpha$,$\alpha$: equation of state parameter $w$,"\alpha \in [1.0,5.0]","$\alpha \in [1.0,5.0]$"
Bonus19,FeynmanBonus19,Bonus19.0,"Friedmann equation (effective pressure, equation of state parameter $w=\alpha$)",Astronomy,Cosmology,Equation of State,kf,$k_f$,$k_f$: spatial curvature constant,"k_f \in [1.0,5.0]","$k_f \in [1.0,5.0]$"
Bonus19,FeynmanBonus19,Bonus19.0,"Friedmann equation (effective pressure, equation of state parameter $w=\alpha$)",Astronomy,Cosmology,Equation of State,r,$r$,$r$: scale factor $a(t)$,"r \in [1.0,5.0]","$r \in [1.0,5.0]$"
Bonus19,FeynmanBonus19,Bonus19.0,"Friedmann equation (effective pressure, equation of state parameter $w=\alpha$)",Astronomy,Cosmology,Equation of State,G,$G$,$G$: gravitational constant,"G \in [1.0,5.0]","$G \in [1.0,5.0]$"
Bonus20,FeynmanBonus20,Bonus20.0,Klein-Nishina formula (quantum Compton differential cross-section),Physics,Quantum Mechanics,Scattering Cross-Section,alpha,$\alpha$,$\alpha$: fine structure constant,"\alpha \in [1.0,5.0]","$\alpha \in [1.0,5.0]$"
Bonus20,FeynmanBonus20,Bonus20.0,Klein-Nishina formula (quantum Compton differential cross-section),Physics,Quantum Mechanics,Scattering Cross-Section,h,$h$,$h$: Planck's constant,"h \in [1.0,5.0]","$h \in [1.0,5.0]$"
Bonus20,FeynmanBonus20,Bonus20.0,Klein-Nishina formula (quantum Compton differential cross-section),Physics,Quantum Mechanics,Scattering Cross-Section,omega0,$\omega_0$,$\omega_0$: incident photon frequency,"\omega_0 \in [1.0,5.0]","$\omega_0 \in [1.0,5.0]$"
Bonus20,FeynmanBonus20,Bonus20.0,Klein-Nishina formula (quantum Compton differential cross-section),Physics,Quantum Mechanics,Scattering Cross-Section,omega,$\omega$,$\omega$: scattered photon frequency,"\omega \in [1.0,5.0]","$\omega \in [1.0,5.0]$"
Bonus20,FeynmanBonus20,Bonus20.0,Klein-Nishina formula (quantum Compton differential cross-section),Physics,Quantum Mechanics,Scattering Cross-Section,m,$m$,$m$: electron rest mass,"m \in [1.0,5.0]","$m \in [1.0,5.0]$"
Bonus20,FeynmanBonus20,Bonus20.0,Klein-Nishina formula (quantum Compton differential cross-section),Physics,Quantum Mechanics,Scattering Cross-Section,c,$c$,$c$: speed of light,"c \in [1.0,5.0]","$c \in [1.0,5.0]$"
Bonus20,FeynmanBonus20,Bonus20.0,Klein-Nishina formula (quantum Compton differential cross-section),Physics,Quantum Mechanics,Scattering Cross-Section,beta,$\beta$,$\beta$: scattering angle,"\beta \in [0.0,6.0]","$\beta \in [0.0,6.0]$"
